sehir,tarih,aylik_ortalama_ecopulse
Adana,2020-01,60.07
Adana,2020-02,58.05
Adana,2020-03,58.1
Adana,2020-04,57.69
Adana,2020-05,54.11
Adana,2020-06,52.86
Adana,2020-07,51.35
Adana,2020-08,50.03
Adana,2020-09,50.71
Adana,2020-10,54.37
Adana,2020-11,55.68
Adana,2020-12,57.89
Adana,2021-01,60.09
Adana,2021-02,57.31
Adana,2021-03,57.9
Adana,2021-04,54.9
Adana,2021-05,51.02
Adana,2021-06,45.55
Adana,2021-07,51.78
Adana,2021-08,50.23
Adana,2021-09,51.6
Adana,2021-10,49.54
Adana,2021-11,50.67
Adana,2021-12,60.02
Adana,2022-01,59.11
Adana,2022-02,60.57
Adana,2022-03,58.12
Adana,2022-04,55.72
Adana,2022-05,54.69
Adana,2022-06,52.27
Adana,2022-07,47.96
Adana,2022-08,47.41
Adana,2022-09,51.11
Adana,2022-10,51.59
Adana,2022-11,52.36
Adana,2022-12,55.9
Adana,2023-01,55.25
Adana,2023-02,59.4
Adana,2023-03,64.21
Adana,2023-05,61.09
Adana,2023-07,46.99
Adana,2023-08,52.78
Adana,2023-09,50.17
Adana,2023-10,53.4
Adana,2023-11,56.5
Adana,2023-12,54.65
Adana,2024-01,55.83
Adana,2024-02,51.05
Adana,2024-03,53.95
Adana,2024-04,52.87
Adana,2024-06,44.68
Adana,2024-07,48.36
Adana,2024-08,52.49
Adana,2024-09,48.53
Adana,2024-10,50.89
Adana,2024-11,53.95
Adana,2024-12,58.64
Adana,2025-01,57.46
Adana,2025-02,58.42
Adana,2025-03,53.3
Adana,2025-04,56.15
Adana,2025-05,52.26
Adıyaman,2020-01,58.39
Adıyaman,2020-02,55.64
Adıyaman,2020-03,54.98
Adıyaman,2020-04,53.79
Adıyaman,2020-05,48.08
Adıyaman,2020-06,45.74
Adıyaman,2020-07,45.33
Adıyaman,2020-08,43.99
Adıyaman,2020-09,47.21
Adıyaman,2020-10,47.93
Adıyaman,2020-11,53.43
Adıyaman,2020-12,56.21
Adıyaman,2021-01,56.96
Adıyaman,2021-02,55.06
Adıyaman,2021-03,56.9
Adıyaman,2021-04,52.86
Adıyaman,2021-05,47.3
Adıyaman,2021-06,49.03
Adıyaman,2021-07,44.78
Adıyaman,2021-08,45.58
Adıyaman,2021-09,46.38
Adıyaman,2021-10,48.26
Adıyaman,2021-11,51.06
Adıyaman,2021-12,57.56
Adıyaman,2022-01,59.11
Adıyaman,2022-02,57.63
Adıyaman,2022-03,56.94
Adıyaman,2022-04,55.57
Adıyaman,2022-05,49.62
Adıyaman,2022-06,47.43
Adıyaman,2022-07,43.08
Adıyaman,2022-08,45.37
Adıyaman,2022-09,45.45
Adıyaman,2022-10,50.65
Adıyaman,2022-11,50.52
Adıyaman,2022-12,54.89
Adıyaman,2023-01,55.79
Adıyaman,2023-02,60.33
Adıyaman,2023-03,57.3
Adıyaman,2023-04,56.76
Adıyaman,2023-05,52.95
Adıyaman,2023-06,50.1
Adıyaman,2023-07,42.38
Adıyaman,2023-08,44.37
Adıyaman,2023-09,43.67
Adıyaman,2023-10,48.68
Adıyaman,2023-11,52.42
Adıyaman,2023-12,54.27
Adıyaman,2024-01,55.85
Adıyaman,2024-02,54.08
Adıyaman,2024-03,51.44
Adıyaman,2024-04,50.17
Adıyaman,2024-05,50.44
Adıyaman,2024-06,44.34
Adıyaman,2024-07,39.96
Adıyaman,2024-08,43.44
Adıyaman,2024-09,48.58
Adıyaman,2024-10,48.98
Adıyaman,2024-11,53.3
Adıyaman,2024-12,55.36
Adıyaman,2025-01,55.08
Adıyaman,2025-02,58.25
Adıyaman,2025-03,54.44
Adıyaman,2025-04,45.98
Adıyaman,2025-05,50.2
Afyon,2020-01,61.93
Afyon,2020-02,57.45
Afyon,2020-03,62.08
Afyon,2020-04,55.79
Afyon,2020-05,52.99
Afyon,2020-06,51.53
Afyon,2020-07,49.85
Afyon,2020-08,49.79
Afyon,2020-09,49.04
Afyon,2020-10,50.05
Afyon,2020-11,55.65
Afyon,2020-12,56.64
Afyon,2021-01,63.76
Afyon,2021-02,57.23
Afyon,2021-03,58.84
Afyon,2021-04,55.4
Afyon,2021-05,49.98
Afyon,2021-06,55.29
Afyon,2021-07,48.56
Afyon,2021-08,49.46
Afyon,2021-09,54.39
Afyon,2021-10,52.9
Afyon,2021-11,56.82
Afyon,2021-12,59.66
Afyon,2022-01,61.64
Afyon,2022-03,62.95
Afyon,2022-04,55.77
Afyon,2022-05,52.99
Afyon,2022-06,58.31
Afyon,2022-07,52.23
Afyon,2022-08,51.07
Afyon,2022-09,50.3
Afyon,2022-10,54.7
Afyon,2022-11,53.3
Afyon,2022-12,60.3
Afyon,2023-01,56.52
Afyon,2023-02,59.02
Afyon,2023-03,56.18
Afyon,2023-05,60.4
Afyon,2023-06,55.92
Afyon,2023-07,47.2
Afyon,2023-08,51.65
Afyon,2023-09,49.17
Afyon,2023-10,50.48
Afyon,2023-11,53.12
Afyon,2023-12,56.22
Afyon,2024-02,56.12
Afyon,2024-04,52.08
Afyon,2024-05,55.82
Afyon,2024-06,44.89
Afyon,2024-07,51.01
Afyon,2024-08,49.2
Afyon,2024-09,50.65
Afyon,2024-10,51.34
Afyon,2024-11,56.46
Afyon,2024-12,57.41
Afyon,2025-01,58.68
Afyon,2025-02,65.21
Afyon,2025-03,53.37
Afyon,2025-04,50.48
Afyon,2025-05,54.98
Aksaray,2020-02,62.25
Aksaray,2020-03,54.86
Aksaray,2020-04,54.78
Aksaray,2020-05,52.22
Aksaray,2020-06,50.43
Aksaray,2020-07,45.94
Aksaray,2020-08,46.99
Aksaray,2020-09,47.86
Aksaray,2020-10,51.0
Aksaray,2020-11,53.97
Aksaray,2020-12,56.28
Aksaray,2021-01,57.44
Aksaray,2021-02,53.66
Aksaray,2021-03,51.57
Aksaray,2021-04,56.57
Aksaray,2021-05,47.78
Aksaray,2021-06,51.48
Aksaray,2021-07,48.28
Aksaray,2021-08,45.76
Aksaray,2021-09,50.16
Aksaray,2021-10,52.16
Aksaray,2021-11,54.45
Aksaray,2021-12,58.65
Aksaray,2022-01,55.68
Aksaray,2022-02,61.03
Aksaray,2022-03,55.68
Aksaray,2022-04,53.01
Aksaray,2022-05,52.02
Aksaray,2022-06,48.36
Aksaray,2022-07,46.64
Aksaray,2022-08,48.92
Aksaray,2022-09,50.76
Aksaray,2022-10,51.59
Aksaray,2022-11,54.19
Aksaray,2022-12,56.03
Aksaray,2023-01,54.06
Aksaray,2023-05,51.94
Aksaray,2023-06,45.64
Aksaray,2023-07,44.65
Aksaray,2023-08,45.0
Aksaray,2023-09,48.27
Aksaray,2023-10,49.54
Aksaray,2023-11,55.23
Aksaray,2023-12,54.85
Aksaray,2024-01,54.35
Aksaray,2024-02,56.99
Aksaray,2024-03,53.46
Aksaray,2024-04,53.93
Aksaray,2024-05,57.42
Aksaray,2024-06,45.34
Aksaray,2024-07,50.92
Aksaray,2024-08,44.86
Aksaray,2024-09,50.67
Aksaray,2024-10,49.04
Aksaray,2024-11,51.33
Aksaray,2024-12,59.05
Aksaray,2025-01,56.61
Aksaray,2025-02,62.92
Aksaray,2025-03,52.66
Aksaray,2025-04,50.78
Aksaray,2025-05,47.1
Amasya,2020-01,62.68
Amasya,2020-02,58.44
Amasya,2020-03,59.95
Amasya,2020-04,52.86
Amasya,2020-05,51.52
Amasya,2020-06,51.07
Amasya,2020-07,51.06
Amasya,2020-08,47.99
Amasya,2020-09,49.15
Amasya,2020-10,51.58
Amasya,2020-11,54.88
Amasya,2020-12,53.85
Amasya,2021-01,59.28
Amasya,2021-03,59.9
Amasya,2021-04,49.74
Amasya,2021-05,52.38
Amasya,2021-06,57.73
Amasya,2021-07,49.3
Amasya,2021-08,50.2
Amasya,2021-09,51.2
Amasya,2021-10,55.54
Amasya,2021-11,58.09
Amasya,2021-12,55.12
Amasya,2022-04,50.25
Amasya,2022-05,54.07
Amasya,2022-06,49.21
Amasya,2022-07,55.14
Amasya,2022-08,48.83
Amasya,2022-09,51.66
Amasya,2022-10,51.37
Amasya,2022-11,56.94
Amasya,2022-12,57.19
Amasya,2023-01,59.44
Amasya,2023-03,54.5
Amasya,2023-06,50.4
Amasya,2023-07,51.75
Amasya,2023-08,46.43
Amasya,2023-09,48.58
Amasya,2023-10,49.47
Amasya,2023-12,56.82
Amasya,2024-02,52.04
Amasya,2024-04,47.14
Amasya,2024-06,46.84
Amasya,2024-07,56.32
Amasya,2024-08,49.05
Amasya,2024-09,48.38
Amasya,2024-10,47.57
Amasya,2024-11,56.63
Amasya,2025-01,56.99
Amasya,2025-02,55.62
Amasya,2025-03,57.16
Amasya,2025-04,53.27
Amasya,2025-05,49.83
Ankara,2020-01,61.44
Ankara,2020-02,59.4
Ankara,2020-03,56.87
Ankara,2020-04,51.9
Ankara,2020-05,53.24
Ankara,2020-06,53.43
Ankara,2020-07,49.01
Ankara,2020-08,48.91
Ankara,2020-09,48.41
Ankara,2020-10,52.94
Ankara,2020-11,55.48
Ankara,2020-12,56.26
Ankara,2021-01,60.15
Ankara,2021-02,56.64
Ankara,2021-03,56.93
Ankara,2021-04,56.17
Ankara,2021-05,48.5
Ankara,2021-06,47.46
Ankara,2021-07,49.01
Ankara,2021-08,47.34
Ankara,2021-09,53.06
Ankara,2021-10,53.95
Ankara,2021-11,54.75
Ankara,2021-12,58.52
Ankara,2022-01,58.05
Ankara,2022-02,63.47
Ankara,2022-03,57.59
Ankara,2022-04,51.24
Ankara,2022-05,52.16
Ankara,2022-06,58.52
Ankara,2022-07,49.22
Ankara,2022-08,53.41
Ankara,2022-09,50.99
Ankara,2022-10,52.33
Ankara,2022-11,53.68
Ankara,2022-12,61.76
Ankara,2023-01,56.41
Ankara,2023-02,55.89
Ankara,2023-03,57.52
Ankara,2023-04,62.58
Ankara,2023-05,58.09
Ankara,2023-06,52.79
Ankara,2023-07,45.19
Ankara,2023-08,46.43
Ankara,2023-09,47.86
Ankara,2023-10,52.3
Ankara,2023-11,58.29
Ankara,2023-12,57.23
Ankara,2024-01,59.32
Ankara,2024-02,56.94
Ankara,2024-03,55.99
Ankara,2024-04,51.56
Ankara,2024-05,48.59
Ankara,2024-06,46.51
Ankara,2024-07,55.07
Ankara,2024-08,45.67
Ankara,2024-09,52.06
Ankara,2024-10,52.12
Ankara,2024-11,55.02
Ankara,2024-12,62.18
Ankara,2025-01,58.36
Ankara,2025-02,60.12
Ankara,2025-03,52.69
Ankara,2025-04,49.16
Ankara,2025-05,51.16
Antalya,2020-01,64.48
Antalya,2020-02,61.97
Antalya,2020-03,60.13
Antalya,2020-04,59.03
Antalya,2020-05,53.68
Antalya,2020-06,53.81
Antalya,2020-07,49.59
Antalya,2020-08,49.11
Antalya,2020-09,51.14
Antalya,2020-10,52.85
Antalya,2020-11,58.43
Antalya,2020-12,63.65
Antalya,2021-02,57.7
Antalya,2021-03,55.37
Antalya,2021-04,53.75
Antalya,2021-05,52.84
Antalya,2021-06,51.39
Antalya,2021-07,49.56
Antalya,2021-08,52.08
Antalya,2021-09,53.46
Antalya,2021-10,54.62
Antalya,2021-11,55.24
Antalya,2022-01,63.98
Antalya,2022-02,62.96
Antalya,2022-04,60.63
Antalya,2022-05,54.22
Antalya,2022-06,59.67
Antalya,2022-07,50.95
Antalya,2022-08,54.14
Antalya,2022-09,50.75
Antalya,2022-10,51.95
Antalya,2022-11,55.07
Antalya,2022-12,59.21
Antalya,2023-01,58.91
Antalya,2023-02,63.97
Antalya,2023-03,60.2
Antalya,2023-05,56.61
Antalya,2023-06,55.13
Antalya,2023-07,47.65
Antalya,2023-08,51.94
Antalya,2023-09,48.22
Antalya,2023-10,51.88
Antalya,2023-11,57.14
Antalya,2023-12,60.55
Antalya,2024-01,60.35
Antalya,2024-02,57.01
Antalya,2024-03,59.1
Antalya,2024-04,54.82
Antalya,2024-05,56.77
Antalya,2024-06,48.49
Antalya,2024-07,51.48
Antalya,2024-08,51.56
Antalya,2024-09,55.26
Antalya,2024-10,55.03
Antalya,2024-11,54.84
Antalya,2024-12,60.8
Antalya,2025-01,62.38
Antalya,2025-03,59.23
Antalya,2025-04,56.91
Antalya,2025-05,57.06
Ardahan,2020-02,62.68
Ardahan,2020-04,62.28
Ardahan,2020-05,57.74
Ardahan,2020-07,61.84
Ardahan,2020-08,51.8
Ardahan,2020-09,52.65
Ardahan,2020-10,52.82
Ardahan,2020-11,60.15
Ardahan,2021-04,60.3
Ardahan,2021-05,56.77
Ardahan,2021-06,47.47
Ardahan,2021-07,60.2
Ardahan,2021-08,53.96
Ardahan,2021-09,54.92
Ardahan,2021-10,55.79
Ardahan,2021-11,55.23
Ardahan,2022-05,56.87
Ardahan,2022-06,49.71
Ardahan,2022-07,58.89
Ardahan,2022-08,51.05
Ardahan,2022-09,50.9
Ardahan,2022-10,51.51
Ardahan,2022-11,55.89
Ardahan,2023-01,60.36
Ardahan,2023-05,53.24
Ardahan,2023-07,55.42
Ardahan,2023-08,55.23
Ardahan,2023-09,49.66
Ardahan,2023-10,53.98
Ardahan,2023-11,52.85
Ardahan,2024-06,57.8
Ardahan,2024-07,48.34
Ardahan,2024-08,55.7
Ardahan,2024-09,53.6
Ardahan,2024-10,53.54
Ardahan,2024-11,62.26
Ardahan,2025-03,61.08
Ardahan,2025-05,50.14
Artvin,2020-02,60.9
Artvin,2020-03,60.27
Artvin,2020-04,62.53
Artvin,2020-05,58.33
Artvin,2020-08,53.97
Artvin,2020-09,54.14
Artvin,2020-10,53.56
Artvin,2020-12,61.96
Artvin,2021-01,61.72
Artvin,2021-02,61.92
Artvin,2021-04,63.5
Artvin,2021-05,50.22
Artvin,2021-06,52.87
Artvin,2021-08,52.65
Artvin,2021-10,60.36
Artvin,2021-11,57.59
Artvin,2021-12,60.81
Artvin,2022-02,63.69
Artvin,2022-05,61.56
Artvin,2022-08,51.36
Artvin,2022-09,54.29
Artvin,2022-12,61.19
Artvin,2023-01,60.27
Artvin,2023-05,60.0
Artvin,2023-07,53.69
Artvin,2023-10,51.91
Artvin,2023-11,53.59
Artvin,2023-12,62.23
Artvin,2024-04,62.76
Artvin,2024-06,53.66
Artvin,2024-07,48.07
Artvin,2024-08,53.39
Artvin,2024-09,58.19
Artvin,2024-10,52.62
Artvin,2024-11,63.12
Artvin,2025-01,62.1
Artvin,2025-02,62.51
Artvin,2025-03,63.09
Artvin,2025-05,50.63
Aydın,2020-01,55.63
Aydın,2020-02,57.55
Aydın,2020-03,54.03
Aydın,2020-04,55.45
Aydın,2020-05,48.25
Aydın,2020-06,51.96
Aydın,2020-07,46.8
Aydın,2020-08,46.21
Aydın,2020-09,51.02
Aydın,2020-10,51.62
Aydın,2020-11,53.18
Aydın,2020-12,55.76
Aydın,2021-01,55.68
Aydın,2021-02,54.82
Aydın,2021-03,54.49
Aydın,2021-04,56.68
Aydın,2021-05,46.67
Aydın,2021-06,47.05
Aydın,2021-07,46.7
Aydın,2021-08,46.38
Aydın,2021-09,50.67
Aydın,2021-10,51.41
Aydın,2021-11,54.33
Aydın,2021-12,58.59
Aydın,2022-01,55.29
Aydın,2022-02,56.0
Aydın,2022-03,54.8
Aydın,2022-04,53.28
Aydın,2022-05,50.0
Aydın,2022-06,52.22
Aydın,2022-07,47.39
Aydın,2022-08,46.75
Aydın,2022-09,49.32
Aydın,2022-10,52.24
Aydın,2022-11,52.07
Aydın,2022-12,54.9
Aydın,2023-01,55.77
Aydın,2023-02,57.15
Aydın,2023-03,52.17
Aydın,2023-05,59.9
Aydın,2023-06,50.26
Aydın,2023-07,45.41
Aydın,2023-08,49.62
Aydın,2023-09,46.53
Aydın,2023-10,48.8
Aydın,2023-11,57.98
Aydın,2023-12,55.5
Aydın,2024-01,55.72
Aydın,2024-02,54.8
Aydın,2024-03,56.0
Aydın,2024-04,49.78
Aydın,2024-05,48.14
Aydın,2024-06,45.43
Aydın,2024-07,43.16
Aydın,2024-08,46.61
Aydın,2024-09,50.1
Aydın,2024-10,50.02
Aydın,2024-11,51.69
Aydın,2024-12,54.76
Aydın,2025-01,52.03
Aydın,2025-02,57.16
Aydın,2025-03,50.55
Aydın,2025-04,54.92
Aydın,2025-05,49.89
Ağrı,2020-01,62.05
Ağrı,2020-02,61.75
Ağrı,2020-03,60.78
Ağrı,2020-04,61.25
Ağrı,2020-05,54.63
Ağrı,2020-06,52.16
Ağrı,2020-07,52.03
Ağrı,2020-08,50.4
Ağrı,2020-09,50.95
Ağrı,2020-10,50.62
Ağrı,2020-11,58.31
Ağrı,2020-12,62.64
Ağrı,2021-01,61.65
Ağrı,2021-02,62.69
Ağrı,2021-04,53.93
Ağrı,2021-05,50.54
Ağrı,2021-06,48.12
Ağrı,2021-07,50.29
Ağrı,2021-08,49.98
Ağrı,2021-09,51.17
Ağrı,2021-10,50.87
Ağrı,2021-11,56.85
Ağrı,2021-12,60.94
Ağrı,2022-01,61.3
Ağrı,2022-02,60.54
Ağrı,2022-03,60.6
Ağrı,2022-05,55.18
Ağrı,2022-06,54.07
Ağrı,2022-07,46.76
Ağrı,2022-08,47.8
Ağrı,2022-09,46.52
Ağrı,2022-10,55.21
Ağrı,2022-12,59.31
Ağrı,2023-01,59.11
Ağrı,2023-02,62.92
Ağrı,2023-04,58.36
Ağrı,2023-06,53.07
Ağrı,2023-07,50.31
Ağrı,2023-08,49.11
Ağrı,2023-09,51.48
Ağrı,2023-10,58.17
Ağrı,2023-11,53.39
Ağrı,2023-12,61.86
Ağrı,2024-01,62.67
Ağrı,2024-02,61.38
Ağrı,2024-03,59.0
Ağrı,2024-04,57.51
Ağrı,2024-05,57.15
Ağrı,2024-06,48.39
Ağrı,2024-07,44.49
Ağrı,2024-08,52.76
Ağrı,2024-09,50.14
Ağrı,2024-10,48.94
Ağrı,2024-11,59.08
Ağrı,2024-12,62.73
Ağrı,2025-01,60.28
Ağrı,2025-02,62.96
Ağrı,2025-03,58.63
Ağrı,2025-05,52.91
Balıkesir,2020-01,62.03
Balıkesir,2020-02,56.25
Balıkesir,2020-03,56.11
Balıkesir,2020-04,53.17
Balıkesir,2020-05,54.9
Balıkesir,2020-06,53.15
Balıkesir,2020-07,52.33
Balıkesir,2020-08,52.61
Balıkesir,2020-09,50.08
Balıkesir,2020-10,53.08
Balıkesir,2020-11,56.99
Balıkesir,2021-01,63.4
Balıkesir,2021-02,55.53
Balıkesir,2021-03,57.06
Balıkesir,2021-04,62.57
Balıkesir,2021-05,52.58
Balıkesir,2021-06,54.86
Balıkesir,2021-07,50.94
Balıkesir,2021-08,51.39
Balıkesir,2021-09,51.23
Balıkesir,2021-10,59.64
Balıkesir,2021-11,54.37
Balıkesir,2021-12,60.31
Balıkesir,2022-01,57.53
Balıkesir,2022-02,57.11
Balıkesir,2022-03,55.19
Balıkesir,2022-04,55.12
Balıkesir,2022-05,55.23
Balıkesir,2022-06,54.08
Balıkesir,2022-07,50.69
Balıkesir,2022-08,49.5
Balıkesir,2022-09,53.48
Balıkesir,2022-10,57.1
Balıkesir,2022-11,53.1
Balıkesir,2022-12,59.91
Balıkesir,2023-01,58.63
Balıkesir,2023-02,59.22
Balıkesir,2023-03,55.11
Balıkesir,2023-05,54.65
Balıkesir,2023-06,50.54
Balıkesir,2023-07,49.08
Balıkesir,2023-08,49.69
Balıkesir,2023-09,50.35
Balıkesir,2023-10,52.16
Balıkesir,2023-11,54.1
Balıkesir,2023-12,56.92
Balıkesir,2024-01,58.27
Balıkesir,2024-02,58.52
Balıkesir,2024-03,54.7
Balıkesir,2024-04,54.05
Balıkesir,2024-05,55.24
Balıkesir,2024-06,48.26
Balıkesir,2024-07,50.42
Balıkesir,2024-08,49.79
Balıkesir,2024-09,53.08
Balıkesir,2024-10,52.32
Balıkesir,2024-11,57.01
Balıkesir,2024-12,58.12
Balıkesir,2025-01,59.14
Balıkesir,2025-02,58.66
Balıkesir,2025-03,53.05
Balıkesir,2025-05,52.5
Bartın,2020-01,59.09
Bartın,2020-02,58.44
Bartın,2020-04,56.29
Bartın,2020-05,54.1
Bartın,2020-07,53.11
Bartın,2020-08,46.42
Bartın,2020-09,52.75
Bartın,2020-10,51.94
Bartın,2020-11,56.68
Bartın,2020-12,53.61
Bartın,2021-01,54.88
Bartın,2021-02,58.76
Bartın,2021-05,51.07
Bartın,2021-06,57.38
Bartın,2021-07,48.56
Bartın,2021-08,54.58
Bartın,2021-09,60.75
Bartın,2021-10,55.26
Bartın,2021-11,55.64
Bartın,2022-04,59.31
Bartın,2022-05,54.45
Bartın,2022-06,62.32
Bartın,2022-07,49.81
Bartın,2022-08,58.06
Bartın,2022-09,57.12
Bartın,2022-10,52.13
Bartın,2022-11,61.83
Bartın,2022-12,54.96
Bartın,2023-01,56.01
Bartın,2023-03,54.69
Bartın,2023-07,47.09
Bartın,2023-08,48.64
Bartın,2023-09,50.06
Bartın,2023-10,50.35
Bartın,2023-11,51.77
Bartın,2023-12,53.61
Bartın,2024-01,56.61
Bartın,2024-02,57.41
Bartın,2024-03,54.87
Bartın,2024-04,48.76
Bartın,2024-05,47.42
Bartın,2024-06,44.44
Bartın,2024-07,49.25
Bartın,2024-08,50.07
Bartın,2024-09,55.67
Bartın,2024-10,49.5
Bartın,2024-11,59.22
Bartın,2025-01,53.03
Bartın,2025-04,56.81
Bartın,2025-05,52.68
Batman,2020-01,58.33
Batman,2020-03,55.44
Batman,2020-04,55.87
Batman,2020-05,48.23
Batman,2020-06,45.54
Batman,2020-07,46.29
Batman,2020-08,44.1
Batman,2020-09,45.11
Batman,2020-10,48.02
Batman,2020-11,58.71
Batman,2020-12,58.04
Batman,2021-01,58.34
Batman,2021-02,57.02
Batman,2021-03,56.31
Batman,2021-04,57.03
Batman,2021-05,46.29
Batman,2021-06,49.43
Batman,2021-07,45.07
Batman,2021-08,46.49
Batman,2021-09,45.86
Batman,2021-10,49.52
Batman,2021-11,51.86
Batman,2021-12,57.63
Batman,2022-01,59.31
Batman,2022-02,56.62
Batman,2022-03,59.76
Batman,2022-04,53.47
Batman,2022-05,47.74
Batman,2022-06,47.82
Batman,2022-07,42.24
Batman,2022-08,42.56
Batman,2022-09,44.11
Batman,2022-10,47.78
Batman,2022-11,50.73
Batman,2022-12,55.98
Batman,2023-01,54.59
Batman,2023-02,58.56
Batman,2023-05,52.86
Batman,2023-06,46.05
Batman,2023-07,42.03
Batman,2023-08,42.69
Batman,2023-09,45.89
Batman,2023-10,50.24
Batman,2023-11,52.76
Batman,2023-12,54.35
Batman,2024-02,56.87
Batman,2024-03,59.86
Batman,2024-04,52.85
Batman,2024-05,56.12
Batman,2024-06,43.62
Batman,2024-07,46.3
Batman,2024-08,46.58
Batman,2024-09,46.31
Batman,2024-10,49.36
Batman,2024-11,55.94
Batman,2024-12,55.88
Batman,2025-01,54.12
Batman,2025-02,55.4
Batman,2025-03,53.85
Batman,2025-04,50.32
Batman,2025-05,48.11
Bayburt,2020-01,62.08
Bayburt,2020-02,61.67
Bayburt,2020-04,55.42
Bayburt,2020-05,51.99
Bayburt,2020-06,52.4
Bayburt,2020-07,50.64
Bayburt,2020-08,48.71
Bayburt,2020-09,50.3
Bayburt,2020-10,50.58
Bayburt,2020-11,56.99
Bayburt,2020-12,59.99
Bayburt,2021-01,62.0
Bayburt,2021-02,61.47
Bayburt,2021-03,60.07
Bayburt,2021-04,57.22
Bayburt,2021-05,49.66
Bayburt,2021-06,48.42
Bayburt,2021-07,54.41
Bayburt,2021-08,51.57
Bayburt,2021-09,51.03
Bayburt,2021-10,53.1
Bayburt,2021-11,54.74
Bayburt,2021-12,60.72
Bayburt,2022-01,60.58
Bayburt,2022-02,60.76
Bayburt,2022-05,53.13
Bayburt,2022-06,54.84
Bayburt,2022-07,51.27
Bayburt,2022-08,49.14
Bayburt,2022-09,48.5
Bayburt,2022-10,52.51
Bayburt,2022-11,55.1
Bayburt,2022-12,58.99
Bayburt,2023-01,60.25
Bayburt,2023-02,60.68
Bayburt,2023-05,50.85
Bayburt,2023-06,54.6
Bayburt,2023-07,49.32
Bayburt,2023-08,48.71
Bayburt,2023-09,49.79
Bayburt,2023-10,50.48
Bayburt,2023-11,52.1
Bayburt,2023-12,61.29
Bayburt,2024-01,58.12
Bayburt,2024-02,57.64
Bayburt,2024-04,55.22
Bayburt,2024-05,55.93
Bayburt,2024-06,47.69
Bayburt,2024-07,45.66
Bayburt,2024-08,49.33
Bayburt,2024-09,52.91
Bayburt,2024-10,55.94
Bayburt,2024-11,55.37
Bayburt,2024-12,61.59
Bayburt,2025-01,60.45
Bayburt,2025-02,61.72
Bayburt,2025-03,60.43
Bayburt,2025-04,64.76
Bayburt,2025-05,47.91
Bilecik,2020-01,61.57
Bilecik,2020-02,58.64
Bilecik,2020-03,51.91
Bilecik,2020-04,52.86
Bilecik,2020-05,48.04
Bilecik,2020-06,49.77
Bilecik,2020-07,49.86
Bilecik,2020-08,47.7
Bilecik,2020-09,50.19
Bilecik,2020-10,50.83
Bilecik,2020-11,54.68
Bilecik,2020-12,54.24
Bilecik,2021-01,59.85
Bilecik,2021-02,56.44
Bilecik,2021-03,55.59
Bilecik,2021-05,49.03
Bilecik,2021-06,51.87
Bilecik,2021-07,49.09
Bilecik,2021-08,47.65
Bilecik,2021-09,54.64
Bilecik,2021-10,52.36
Bilecik,2021-11,51.64
Bilecik,2021-12,58.4
Bilecik,2022-01,58.62
Bilecik,2022-02,57.61
Bilecik,2022-03,57.21
Bilecik,2022-04,52.25
Bilecik,2022-05,48.64
Bilecik,2022-07,49.67
Bilecik,2022-08,50.12
Bilecik,2022-09,50.51
Bilecik,2022-10,53.1
Bilecik,2022-11,53.33
Bilecik,2022-12,60.34
Bilecik,2023-01,55.04
Bilecik,2023-02,61.2
Bilecik,2023-05,56.65
Bilecik,2023-06,55.17
Bilecik,2023-07,46.8
Bilecik,2023-08,48.79
Bilecik,2023-09,46.75
Bilecik,2023-10,51.36
Bilecik,2023-11,55.49
Bilecik,2023-12,55.67
Bilecik,2024-02,56.46
Bilecik,2024-03,50.86
Bilecik,2024-04,47.73
Bilecik,2024-05,55.77
Bilecik,2024-06,45.17
Bilecik,2024-07,52.05
Bilecik,2024-08,49.19
Bilecik,2024-09,47.58
Bilecik,2024-10,50.83
Bilecik,2024-11,55.9
Bilecik,2024-12,57.06
Bilecik,2025-01,56.63
Bilecik,2025-02,57.36
Bilecik,2025-03,55.86
Bilecik,2025-04,53.75
Bilecik,2025-05,48.97
Bingöl,2020-01,62.35
Bingöl,2020-02,64.54
Bingöl,2020-05,51.7
Bingöl,2020-06,54.44
Bingöl,2020-07,50.41
Bingöl,2020-08,50.83
Bingöl,2020-09,50.42
Bingöl,2020-10,51.22
Bingöl,2020-12,61.92
Bingöl,2021-01,62.25
Bingöl,2021-02,63.6
Bingöl,2021-05,50.53
Bingöl,2021-06,47.0
Bingöl,2021-07,49.46
Bingöl,2021-08,51.43
Bingöl,2021-09,47.63
Bingöl,2021-10,50.96
Bingöl,2021-11,55.73
Bingöl,2022-01,62.0
Bingöl,2022-02,62.99
Bingöl,2022-05,51.06
Bingöl,2022-06,49.48
Bingöl,2022-07,49.45
Bingöl,2022-08,49.22
Bingöl,2022-09,47.08
Bingöl,2022-10,50.12
Bingöl,2022-11,54.23
Bingöl,2022-12,60.23
Bingöl,2023-01,57.96
Bingöl,2023-02,62.23
Bingöl,2023-06,54.85
Bingöl,2023-07,47.3
Bingöl,2023-08,47.86
Bingöl,2023-09,51.43
Bingöl,2023-10,51.39
Bingöl,2023-11,49.66
Bingöl,2023-12,63.63
Bingöl,2024-02,64.47
Bingöl,2024-03,61.25
Bingöl,2024-04,57.94
Bingöl,2024-06,48.44
Bingöl,2024-07,48.55
Bingöl,2024-08,51.42
Bingöl,2024-09,45.96
Bingöl,2024-10,47.58
Bingöl,2024-11,53.54
Bingöl,2025-01,61.25
Bingöl,2025-02,61.14
Bingöl,2025-04,61.8
Bingöl,2025-05,51.93
Bitlis,2020-02,66.44
Bitlis,2020-05,51.95
Bitlis,2020-06,51.22
Bitlis,2020-07,49.62
Bitlis,2020-08,50.36
Bitlis,2020-09,53.22
Bitlis,2020-10,53.34
Bitlis,2020-12,63.63
Bitlis,2021-02,66.52
Bitlis,2021-05,52.47
Bitlis,2021-06,50.09
Bitlis,2021-07,50.25
Bitlis,2021-08,55.32
Bitlis,2021-09,48.81
Bitlis,2021-10,56.92
Bitlis,2021-11,58.25
Bitlis,2022-05,54.24
Bitlis,2022-06,52.54
Bitlis,2022-07,49.38
Bitlis,2022-08,47.59
Bitlis,2022-09,47.8
Bitlis,2022-10,54.82
Bitlis,2022-11,55.88
Bitlis,2022-12,61.06
Bitlis,2023-01,57.98
Bitlis,2023-06,50.44
Bitlis,2023-07,48.52
Bitlis,2023-08,47.69
Bitlis,2023-09,51.22
Bitlis,2023-10,56.64
Bitlis,2023-11,54.76
Bitlis,2023-12,63.89
Bitlis,2024-02,63.59
Bitlis,2024-04,57.96
Bitlis,2024-06,51.69
Bitlis,2024-07,51.2
Bitlis,2024-08,53.78
Bitlis,2024-09,47.82
Bitlis,2024-10,49.54
Bitlis,2024-11,58.47
Bitlis,2025-03,59.41
Bitlis,2025-04,57.53
Bitlis,2025-05,56.85
Bolu,2020-01,62.2
Bolu,2020-03,54.23
Bolu,2020-04,54.5
Bolu,2020-05,52.77
Bolu,2020-07,54.97
Bolu,2020-08,49.01
Bolu,2020-09,50.59
Bolu,2020-10,52.63
Bolu,2020-11,55.05
Bolu,2020-12,57.66
Bolu,2021-01,58.44
Bolu,2021-02,62.6
Bolu,2021-05,52.56
Bolu,2021-06,56.67
Bolu,2021-07,50.16
Bolu,2021-08,54.8
Bolu,2021-09,48.72
Bolu,2021-10,54.66
Bolu,2021-11,54.33
Bolu,2021-12,63.39
Bolu,2022-04,55.42
Bolu,2022-05,53.88
Bolu,2022-07,50.37
Bolu,2022-08,55.46
Bolu,2022-09,53.46
Bolu,2022-10,56.17
Bolu,2022-11,55.04
Bolu,2022-12,59.06
Bolu,2023-01,56.47
Bolu,2023-02,59.17
Bolu,2023-05,52.99
Bolu,2023-07,46.63
Bolu,2023-08,48.8
Bolu,2023-09,49.57
Bolu,2023-10,47.12
Bolu,2023-11,59.25
Bolu,2023-12,53.53
Bolu,2024-02,60.61
Bolu,2024-03,60.04
Bolu,2024-04,54.15
Bolu,2024-05,50.73
Bolu,2024-06,46.98
Bolu,2024-07,54.09
Bolu,2024-08,47.27
Bolu,2024-09,50.44
Bolu,2024-10,52.11
Bolu,2024-11,53.68
Bolu,2025-01,55.72
Bolu,2025-03,55.3
Bolu,2025-04,46.13
Bolu,2025-05,55.91
Burdur,2020-01,59.32
Burdur,2020-02,56.45
Burdur,2020-03,56.17
Burdur,2020-04,54.66
Burdur,2020-05,48.38
Burdur,2020-06,54.14
Burdur,2020-07,48.42
Burdur,2020-08,47.32
Burdur,2020-09,48.71
Burdur,2020-10,52.62
Burdur,2020-11,54.74
Burdur,2020-12,57.6
Burdur,2021-01,62.85
Burdur,2021-02,55.23
Burdur,2021-03,54.42
Burdur,2021-04,52.51
Burdur,2021-05,48.49
Burdur,2021-06,49.97
Burdur,2021-07,49.84
Burdur,2021-08,48.59
Burdur,2021-09,52.38
Burdur,2021-10,51.99
Burdur,2021-11,54.11
Burdur,2021-12,60.27
Burdur,2022-01,58.59
Burdur,2022-02,59.25
Burdur,2022-03,62.63
Burdur,2022-04,54.16
Burdur,2022-05,54.28
Burdur,2022-06,57.74
Burdur,2022-07,46.17
Burdur,2022-08,49.86
Burdur,2022-09,51.25
Burdur,2022-10,55.02
Burdur,2022-11,54.37
Burdur,2022-12,53.23
Burdur,2023-01,56.42
Burdur,2023-02,61.56
Burdur,2023-03,55.66
Burdur,2023-04,55.7
Burdur,2023-05,54.75
Burdur,2023-06,47.76
Burdur,2023-07,45.31
Burdur,2023-08,47.36
Burdur,2023-09,50.08
Burdur,2023-10,50.41
Burdur,2023-11,53.58
Burdur,2023-12,54.43
Burdur,2024-01,54.71
Burdur,2024-02,55.1
Burdur,2024-03,57.23
Burdur,2024-04,50.07
Burdur,2024-05,54.93
Burdur,2024-06,47.29
Burdur,2024-07,48.45
Burdur,2024-08,49.61
Burdur,2024-09,47.98
Burdur,2024-10,49.64
Burdur,2024-11,54.27
Burdur,2024-12,57.22
Burdur,2025-01,59.03
Burdur,2025-02,53.33
Burdur,2025-03,43.88
Burdur,2025-04,49.69
Burdur,2025-05,48.74
Bursa,2020-01,60.08
Bursa,2020-02,56.49
Bursa,2020-03,53.57
Bursa,2020-04,53.83
Bursa,2020-05,49.84
Bursa,2020-06,52.29
Bursa,2020-07,52.17
Bursa,2020-08,49.39
Bursa,2020-09,50.92
Bursa,2020-10,52.22
Bursa,2020-11,54.38
Bursa,2020-12,58.21
Bursa,2021-01,60.53
Bursa,2021-02,56.31
Bursa,2021-05,49.56
Bursa,2021-06,50.67
Bursa,2021-07,49.7
Bursa,2021-08,48.72
Bursa,2021-09,50.22
Bursa,2021-10,56.58
Bursa,2021-11,54.6
Bursa,2021-12,55.69
Bursa,2022-01,58.76
Bursa,2022-02,60.56
Bursa,2022-03,58.58
Bursa,2022-04,51.89
Bursa,2022-05,53.05
Bursa,2022-06,53.58
Bursa,2022-07,49.53
Bursa,2022-08,54.23
Bursa,2022-09,53.15
Bursa,2022-10,52.7
Bursa,2022-11,52.53
Bursa,2022-12,55.7
Bursa,2023-01,54.46
Bursa,2023-02,61.0
Bursa,2023-03,52.75
Bursa,2023-04,54.92
Bursa,2023-06,53.02
Bursa,2023-07,47.96
Bursa,2023-08,48.72
Bursa,2023-09,49.45
Bursa,2023-10,53.08
Bursa,2023-11,60.06
Bursa,2023-12,55.12
Bursa,2024-01,58.69
Bursa,2024-02,53.04
Bursa,2024-03,52.95
Bursa,2024-04,55.25
Bursa,2024-05,50.15
Bursa,2024-06,48.06
Bursa,2024-07,49.32
Bursa,2024-08,48.37
Bursa,2024-09,51.18
Bursa,2024-10,53.28
Bursa,2024-11,54.12
Bursa,2024-12,60.11
Bursa,2025-01,54.98
Bursa,2025-02,57.11
Bursa,2025-03,56.43
Bursa,2025-04,56.74
Bursa,2025-05,53.63
Denizli,2020-01,58.83
Denizli,2020-02,57.5
Denizli,2020-03,55.14
Denizli,2020-04,54.06
Denizli,2020-05,49.84
Denizli,2020-06,54.28
Denizli,2020-07,48.39
Denizli,2020-08,47.99
Denizli,2020-09,50.76
Denizli,2020-10,53.86
Denizli,2020-11,55.32
Denizli,2020-12,56.99
Denizli,2021-01,59.9
Denizli,2021-02,54.15
Denizli,2021-03,54.16
Denizli,2021-04,53.3
Denizli,2021-05,46.21
Denizli,2021-06,47.7
Denizli,2021-07,48.39
Denizli,2021-08,49.71
Denizli,2021-09,51.58
Denizli,2021-10,54.12
Denizli,2021-11,54.15
Denizli,2021-12,62.73
Denizli,2022-01,58.17
Denizli,2022-02,60.84
Denizli,2022-03,59.09
Denizli,2022-04,53.7
Denizli,2022-05,54.81
Denizli,2022-06,58.56
Denizli,2022-07,47.91
Denizli,2022-08,51.72
Denizli,2022-09,50.36
Denizli,2022-10,53.94
Denizli,2022-11,53.91
Denizli,2022-12,56.79
Denizli,2023-01,56.43
Denizli,2023-02,59.7
Denizli,2023-03,51.3
Denizli,2023-04,61.14
Denizli,2023-06,53.05
Denizli,2023-07,43.35
Denizli,2023-08,48.71
Denizli,2023-09,48.04
Denizli,2023-10,52.29
Denizli,2023-11,52.58
Denizli,2023-12,53.07
Denizli,2024-01,55.27
Denizli,2024-02,56.18
Denizli,2024-03,53.55
Denizli,2024-04,54.16
Denizli,2024-05,49.88
Denizli,2024-06,46.58
Denizli,2024-07,50.5
Denizli,2024-08,49.24
Denizli,2024-09,45.95
Denizli,2024-10,50.07
Denizli,2024-11,57.27
Denizli,2024-12,58.17
Denizli,2025-01,56.0
Denizli,2025-02,55.51
Denizli,2025-03,50.36
Denizli,2025-04,50.0
Denizli,2025-05,50.44
Diyarbakır,2020-01,56.67
Diyarbakır,2020-02,54.19
Diyarbakır,2020-03,54.67
Diyarbakır,2020-04,56.41
Diyarbakır,2020-05,47.5
Diyarbakır,2020-06,48.4
Diyarbakır,2020-07,45.97
Diyarbakır,2020-08,45.5
Diyarbakır,2020-09,44.37
Diyarbakır,2020-10,48.88
Diyarbakır,2020-11,55.27
Diyarbakır,2020-12,57.62
Diyarbakır,2021-01,54.42
Diyarbakır,2021-02,54.64
Diyarbakır,2021-03,53.46
Diyarbakır,2021-04,56.34
Diyarbakır,2021-05,48.99
Diyarbakır,2021-06,48.96
Diyarbakır,2021-07,45.79
Diyarbakır,2021-08,45.93
Diyarbakır,2021-09,46.13
Diyarbakır,2021-10,47.47
Diyarbakır,2021-11,51.5
Diyarbakır,2021-12,57.67
Diyarbakır,2022-01,60.19
Diyarbakır,2022-02,58.69
Diyarbakır,2022-03,60.15
Diyarbakır,2022-04,49.74
Diyarbakır,2022-05,49.33
Diyarbakır,2022-06,47.39
Diyarbakır,2022-07,43.77
Diyarbakır,2022-08,43.62
Diyarbakır,2022-09,45.59
Diyarbakır,2022-10,47.27
Diyarbakır,2022-11,50.53
Diyarbakır,2022-12,54.51
Diyarbakır,2023-01,54.21
Diyarbakır,2023-02,61.3
Diyarbakır,2023-05,52.59
Diyarbakır,2023-06,44.96
Diyarbakır,2023-07,42.86
Diyarbakır,2023-08,44.72
Diyarbakır,2023-09,45.35
Diyarbakır,2023-10,50.85
Diyarbakır,2023-11,51.72
Diyarbakır,2023-12,54.56
Diyarbakır,2024-01,53.05
Diyarbakır,2024-02,54.01
Diyarbakır,2024-03,50.96
Diyarbakır,2024-04,52.75
Diyarbakır,2024-05,55.2
Diyarbakır,2024-06,44.63
Diyarbakır,2024-07,46.94
Diyarbakır,2024-08,43.34
Diyarbakır,2024-09,47.87
Diyarbakır,2024-10,51.68
Diyarbakır,2024-11,53.46
Diyarbakır,2024-12,56.58
Diyarbakır,2025-01,54.89
Diyarbakır,2025-02,58.0
Diyarbakır,2025-03,51.34
Diyarbakır,2025-04,50.69
Diyarbakır,2025-05,53.28
Düzce,2020-01,58.9
Düzce,2020-02,61.89
Düzce,2020-03,54.81
Düzce,2020-04,51.6
Düzce,2020-05,50.49
Düzce,2020-07,50.9
Düzce,2020-08,49.14
Düzce,2020-09,52.03
Düzce,2020-10,51.99
Düzce,2020-11,55.91
Düzce,2021-01,56.62
Düzce,2021-02,59.72
Düzce,2021-03,55.17
Düzce,2021-05,56.01
Düzce,2021-06,55.88
Düzce,2021-07,49.59
Düzce,2021-08,53.03
Düzce,2021-09,51.71
Düzce,2021-10,56.0
Düzce,2021-11,54.86
Düzce,2021-12,61.15
Düzce,2022-01,52.56
Düzce,2022-04,48.51
Düzce,2022-05,51.94
Düzce,2022-07,53.12
Düzce,2022-08,49.08
Düzce,2022-09,51.37
Düzce,2022-10,54.62
Düzce,2022-11,60.35
Düzce,2022-12,55.1
Düzce,2023-01,54.21
Düzce,2023-04,58.85
Düzce,2023-05,27.33
Düzce,2023-06,56.76
Düzce,2023-07,48.28
Düzce,2023-08,45.54
Düzce,2023-09,51.31
Düzce,2023-10,52.08
Düzce,2023-11,54.1
Düzce,2023-12,51.71
Düzce,2024-02,64.14
Düzce,2024-03,51.7
Düzce,2024-04,53.34
Düzce,2024-05,53.61
Düzce,2024-06,49.73
Düzce,2024-07,47.74
Düzce,2024-08,52.45
Düzce,2024-09,54.92
Düzce,2024-10,52.04
Düzce,2024-11,59.2
Düzce,2024-12,57.88
Düzce,2025-01,55.22
Düzce,2025-03,61.88
Düzce,2025-04,54.16
Düzce,2025-05,50.44
Edirne,2020-01,57.02
Edirne,2020-02,56.34
Edirne,2020-03,54.45
Edirne,2020-04,52.71
Edirne,2020-05,50.65
Edirne,2020-06,50.79
Edirne,2020-07,52.28
Edirne,2020-08,50.46
Edirne,2020-09,49.56
Edirne,2020-10,55.34
Edirne,2020-11,55.42
Edirne,2020-12,60.76
Edirne,2021-01,58.12
Edirne,2021-02,54.62
Edirne,2021-03,54.16
Edirne,2021-04,52.56
Edirne,2021-05,51.8
Edirne,2021-06,51.49
Edirne,2021-07,48.6
Edirne,2021-08,47.54
Edirne,2021-09,53.54
Edirne,2021-10,61.03
Edirne,2021-11,54.06
Edirne,2022-01,58.92
Edirne,2022-02,55.18
Edirne,2022-03,53.27
Edirne,2022-04,51.1
Edirne,2022-05,51.19
Edirne,2022-06,50.93
Edirne,2022-07,50.37
Edirne,2022-08,54.53
Edirne,2022-09,50.96
Edirne,2022-10,55.05
Edirne,2022-11,53.98
Edirne,2022-12,53.55
Edirne,2023-01,55.21
Edirne,2023-02,56.18
Edirne,2023-03,50.82
Edirne,2023-04,56.24
Edirne,2023-05,53.24
Edirne,2023-06,50.51
Edirne,2023-07,49.23
Edirne,2023-08,45.21
Edirne,2023-09,48.1
Edirne,2023-10,48.66
Edirne,2023-11,59.65
Edirne,2023-12,54.68
Edirne,2024-02,56.17
Edirne,2024-04,50.83
Edirne,2024-05,49.86
Edirne,2024-06,47.08
Edirne,2024-07,46.95
Edirne,2024-08,45.65
Edirne,2024-09,54.73
Edirne,2024-10,52.35
Edirne,2024-11,53.79
Edirne,2024-12,55.38
Edirne,2025-01,62.82
Edirne,2025-02,57.92
Edirne,2025-03,53.58
Edirne,2025-04,51.82
Edirne,2025-05,52.6
Elazığ,2020-01,58.92
Elazığ,2020-02,55.24
Elazığ,2020-03,56.88
Elazığ,2020-04,54.67
Elazığ,2020-05,50.75
Elazığ,2020-06,50.37
Elazığ,2020-07,46.48
Elazığ,2020-08,47.9
Elazığ,2020-09,48.44
Elazığ,2020-10,50.03
Elazığ,2020-11,54.98
Elazığ,2020-12,56.61
Elazığ,2021-01,57.9
Elazığ,2021-02,55.28
Elazığ,2021-03,55.72
Elazığ,2021-04,54.43
Elazığ,2021-05,49.5
Elazığ,2021-06,48.82
Elazığ,2021-07,47.15
Elazığ,2021-08,48.05
Elazığ,2021-09,48.55
Elazığ,2021-10,51.87
Elazığ,2021-11,52.46
Elazığ,2021-12,58.08
Elazığ,2022-01,59.34
Elazığ,2022-02,57.45
Elazığ,2022-03,58.42
Elazığ,2022-04,51.44
Elazığ,2022-05,49.36
Elazığ,2022-06,49.65
Elazığ,2022-07,46.71
Elazığ,2022-08,46.92
Elazığ,2022-09,47.8
Elazığ,2022-10,50.85
Elazığ,2022-11,52.39
Elazığ,2022-12,56.31
Elazığ,2023-01,56.41
Elazığ,2023-02,57.31
Elazığ,2023-03,58.52
Elazığ,2023-04,57.02
Elazığ,2023-05,53.87
Elazığ,2023-06,51.67
Elazığ,2023-07,45.34
Elazığ,2023-08,46.82
Elazığ,2023-09,47.18
Elazığ,2023-10,51.48
Elazığ,2023-11,54.73
Elazığ,2023-12,57.08
Elazığ,2024-01,54.82
Elazığ,2024-02,55.39
Elazığ,2024-03,52.57
Elazığ,2024-04,52.14
Elazığ,2024-05,50.04
Elazığ,2024-06,45.3
Elazığ,2024-07,45.83
Elazığ,2024-08,46.4
Elazığ,2024-09,47.47
Elazığ,2024-10,51.83
Elazığ,2024-11,53.76
Elazığ,2024-12,56.97
Elazığ,2025-01,54.96
Elazığ,2025-02,56.67
Elazığ,2025-03,57.11
Elazığ,2025-04,52.48
Elazığ,2025-05,51.04
Erzincan,2020-01,59.73
Erzincan,2020-02,62.44
Erzincan,2020-04,60.49
Erzincan,2020-05,52.8
Erzincan,2020-06,51.49
Erzincan,2020-07,50.88
Erzincan,2020-08,48.28
Erzincan,2020-09,49.93
Erzincan,2020-10,50.24
Erzincan,2020-11,57.18
Erzincan,2020-12,61.26
Erzincan,2021-01,61.95
Erzincan,2021-02,62.74
Erzincan,2021-03,64.5
Erzincan,2021-04,55.41
Erzincan,2021-05,51.29
Erzincan,2021-06,49.78
Erzincan,2021-07,52.45
Erzincan,2021-08,49.16
Erzincan,2021-09,49.5
Erzincan,2021-10,50.53
Erzincan,2021-11,55.73
Erzincan,2021-12,60.76
Erzincan,2022-01,62.28
Erzincan,2022-02,62.05
Erzincan,2022-04,57.04
Erzincan,2022-05,53.56
Erzincan,2022-06,51.09
Erzincan,2022-07,50.27
Erzincan,2022-08,48.78
Erzincan,2022-09,47.16
Erzincan,2022-10,54.92
Erzincan,2022-11,56.41
Erzincan,2022-12,59.74
Erzincan,2023-01,59.1
Erzincan,2023-02,61.75
Erzincan,2023-04,64.77
Erzincan,2023-05,59.23
Erzincan,2023-06,51.34
Erzincan,2023-07,48.06
Erzincan,2023-08,49.39
Erzincan,2023-09,50.44
Erzincan,2023-10,53.09
Erzincan,2023-11,45.94
Erzincan,2023-12,64.26
Erzincan,2024-01,60.93
Erzincan,2024-02,61.11
Erzincan,2024-03,62.02
Erzincan,2024-04,55.17
Erzincan,2024-05,57.67
Erzincan,2024-06,46.26
Erzincan,2024-07,44.31
Erzincan,2024-08,49.92
Erzincan,2024-09,49.29
Erzincan,2024-10,51.55
Erzincan,2024-11,54.77
Erzincan,2024-12,61.82
Erzincan,2025-01,61.5
Erzincan,2025-02,60.98
Erzincan,2025-03,62.55
Erzincan,2025-04,61.2
Erzincan,2025-05,53.95
Erzurum,2020-01,62.9
Erzurum,2020-02,60.74
Erzurum,2020-03,63.29
Erzurum,2020-05,51.24
Erzurum,2020-06,53.32
Erzurum,2020-07,52.58
Erzurum,2020-08,50.38
Erzurum,2020-09,50.81
Erzurum,2020-10,51.85
Erzurum,2020-11,59.76
Erzurum,2020-12,63.02
Erzurum,2021-01,65.49
Erzurum,2021-02,65.36
Erzurum,2021-05,51.01
Erzurum,2021-06,49.32
Erzurum,2021-07,53.31
Erzurum,2021-08,54.83
Erzurum,2021-09,53.45
Erzurum,2021-10,53.88
Erzurum,2021-11,56.14
Erzurum,2022-01,61.93
Erzurum,2022-02,64.14
Erzurum,2022-05,52.81
Erzurum,2022-06,51.5
Erzurum,2022-07,51.81
Erzurum,2022-08,49.12
Erzurum,2022-09,50.59
Erzurum,2022-10,52.55
Erzurum,2022-11,58.24
Erzurum,2022-12,59.85
Erzurum,2023-01,58.81
Erzurum,2023-02,60.61
Erzurum,2023-05,55.77
Erzurum,2023-06,59.72
Erzurum,2023-07,51.08
Erzurum,2023-08,48.7
Erzurum,2023-09,54.48
Erzurum,2023-10,55.63
Erzurum,2023-11,54.11
Erzurum,2023-12,63.68
Erzurum,2024-04,58.31
Erzurum,2024-06,49.58
Erzurum,2024-07,56.54
Erzurum,2024-08,55.35
Erzurum,2024-09,54.77
Erzurum,2024-10,53.66
Erzurum,2024-11,56.44
Erzurum,2025-01,64.36
Erzurum,2025-02,62.69
Erzurum,2025-03,59.32
Erzurum,2025-05,52.77
Eskişehir,2020-01,61.49
Eskişehir,2020-02,57.55
Eskişehir,2020-03,54.13
Eskişehir,2020-04,51.08
Eskişehir,2020-05,49.37
Eskişehir,2020-06,52.3
Eskişehir,2020-07,47.94
Eskişehir,2020-08,48.17
Eskişehir,2020-09,47.91
Eskişehir,2020-10,51.61
Eskişehir,2020-11,54.76
Eskişehir,2020-12,55.08
Eskişehir,2021-01,60.34
Eskişehir,2021-02,56.04
Eskişehir,2021-03,61.89
Eskişehir,2021-05,50.3
Eskişehir,2021-06,48.0
Eskişehir,2021-07,46.35
Eskişehir,2021-08,47.24
Eskişehir,2021-09,50.11
Eskişehir,2021-10,52.97
Eskişehir,2021-11,54.48
Eskişehir,2021-12,60.49
Eskişehir,2022-01,57.32
Eskişehir,2022-02,60.17
Eskişehir,2022-03,52.17
Eskişehir,2022-04,54.04
Eskişehir,2022-05,50.92
Eskişehir,2022-06,54.35
Eskişehir,2022-07,47.08
Eskişehir,2022-08,53.89
Eskişehir,2022-09,52.88
Eskişehir,2022-10,53.47
Eskişehir,2022-11,54.63
Eskişehir,2022-12,58.97
Eskişehir,2023-01,57.43
Eskişehir,2023-02,57.84
Eskişehir,2023-03,55.82
Eskişehir,2023-04,52.7
Eskişehir,2023-05,57.6
Eskişehir,2023-06,55.15
Eskişehir,2023-07,43.69
Eskişehir,2023-08,47.67
Eskişehir,2023-09,47.71
Eskişehir,2023-10,51.44
Eskişehir,2023-11,54.05
Eskişehir,2023-12,55.05
Eskişehir,2024-01,57.8
Eskişehir,2024-02,55.26
Eskişehir,2024-03,60.64
Eskişehir,2024-04,53.89
Eskişehir,2024-05,53.49
Eskişehir,2024-06,43.72
Eskişehir,2024-07,49.88
Eskişehir,2024-08,49.26
Eskişehir,2024-09,51.67
Eskişehir,2024-10,49.22
Eskişehir,2024-11,56.81
Eskişehir,2024-12,60.55
Eskişehir,2025-01,57.75
Eskişehir,2025-02,61.84
Eskişehir,2025-03,53.66
Eskişehir,2025-04,50.14
Eskişehir,2025-05,51.1
Gaziantep,2020-01,54.42
Gaziantep,2020-02,52.82
Gaziantep,2020-03,51.64
Gaziantep,2020-04,53.54
Gaziantep,2020-05,47.59
Gaziantep,2020-06,45.1
Gaziantep,2020-07,43.99
Gaziantep,2020-08,42.87
Gaziantep,2020-09,45.37
Gaziantep,2020-10,47.91
Gaziantep,2020-11,53.15
Gaziantep,2020-12,55.15
Gaziantep,2021-01,57.46
Gaziantep,2021-02,52.79
Gaziantep,2021-03,52.84
Gaziantep,2021-04,51.87
Gaziantep,2021-05,47.18
Gaziantep,2021-06,46.78
Gaziantep,2021-07,42.68
Gaziantep,2021-08,43.53
Gaziantep,2021-09,45.5
Gaziantep,2021-10,46.98
Gaziantep,2021-11,51.44
Gaziantep,2021-12,57.0
Gaziantep,2022-01,54.96
Gaziantep,2022-02,55.33
Gaziantep,2022-03,50.09
Gaziantep,2022-04,49.25
Gaziantep,2022-05,49.29
Gaziantep,2022-06,44.88
Gaziantep,2022-07,42.8
Gaziantep,2022-08,45.88
Gaziantep,2022-09,44.33
Gaziantep,2022-10,48.37
Gaziantep,2022-11,52.47
Gaziantep,2022-12,54.22
Gaziantep,2023-01,55.26
Gaziantep,2023-02,52.62
Gaziantep,2023-03,54.57
Gaziantep,2023-04,50.75
Gaziantep,2023-05,50.51
Gaziantep,2023-06,49.22
Gaziantep,2023-07,41.97
Gaziantep,2023-08,43.29
Gaziantep,2023-09,43.55
Gaziantep,2023-10,48.91
Gaziantep,2023-11,52.43
Gaziantep,2023-12,52.81
Gaziantep,2024-01,55.21
Gaziantep,2024-02,50.46
Gaziantep,2024-03,53.25
Gaziantep,2024-04,48.42
Gaziantep,2024-05,54.39
Gaziantep,2024-06,41.49
Gaziantep,2024-07,39.28
Gaziantep,2024-08,42.87
Gaziantep,2024-09,47.09
Gaziantep,2024-10,47.8
Gaziantep,2024-11,53.01
Gaziantep,2024-12,54.04
Gaziantep,2025-01,55.0
Gaziantep,2025-02,53.11
Gaziantep,2025-03,52.72
Gaziantep,2025-04,47.52
Gaziantep,2025-05,52.33
Giresun,2020-01,61.36
Giresun,2020-02,59.51
Giresun,2020-03,62.56
Giresun,2020-04,56.13
Giresun,2020-05,63.19
Giresun,2020-06,54.15
Giresun,2020-08,49.59
Giresun,2020-09,55.17
Giresun,2020-10,51.51
Giresun,2020-11,58.27
Giresun,2020-12,56.58
Giresun,2021-01,58.52
Giresun,2021-04,56.38
Giresun,2021-05,48.66
Giresun,2021-06,54.69
Giresun,2021-07,42.39
Giresun,2021-09,57.57
Giresun,2021-10,50.9
Giresun,2021-11,55.28
Giresun,2021-12,55.01
Giresun,2022-02,62.28
Giresun,2022-04,58.97
Giresun,2022-05,50.45
Giresun,2022-08,56.83
Giresun,2022-09,48.9
Giresun,2022-10,49.93
Giresun,2022-11,54.28
Giresun,2022-12,58.95
Giresun,2023-01,58.08
Giresun,2023-06,53.36
Giresun,2023-07,53.1
Giresun,2023-08,57.62
Giresun,2023-10,51.52
Giresun,2023-11,56.93
Giresun,2023-12,59.15
Giresun,2024-02,57.2
Giresun,2024-03,60.54
Giresun,2024-04,54.76
Giresun,2024-06,52.14
Giresun,2024-07,59.75
Giresun,2024-08,46.09
Giresun,2024-09,50.67
Giresun,2024-10,55.29
Giresun,2024-11,60.97
Giresun,2024-12,58.86
Giresun,2025-01,59.3
Giresun,2025-05,57.27
Gümüşhane,2020-01,63.73
Gümüşhane,2020-02,60.9
Gümüşhane,2020-03,57.72
Gümüşhane,2020-04,58.43
Gümüşhane,2020-05,53.7
Gümüşhane,2020-06,51.93
Gümüşhane,2020-07,52.97
Gümüşhane,2020-08,51.26
Gümüşhane,2020-09,50.77
Gümüşhane,2020-10,51.22
Gümüşhane,2020-11,58.77
Gümüşhane,2020-12,61.31
Gümüşhane,2021-01,62.89
Gümüşhane,2021-02,61.98
Gümüşhane,2021-03,61.07
Gümüşhane,2021-04,59.39
Gümüşhane,2021-05,51.91
Gümüşhane,2021-06,50.97
Gümüşhane,2021-07,49.95
Gümüşhane,2021-08,53.07
Gümüşhane,2021-09,53.98
Gümüşhane,2021-10,55.1
Gümüşhane,2021-11,56.42
Gümüşhane,2021-12,61.55
Gümüşhane,2022-01,61.49
Gümüşhane,2022-02,61.53
Gümüşhane,2022-03,58.37
Gümüşhane,2022-04,60.95
Gümüşhane,2022-05,51.38
Gümüşhane,2022-06,51.72
Gümüşhane,2022-07,53.5
Gümüşhane,2022-08,50.14
Gümüşhane,2022-09,49.04
Gümüşhane,2022-10,55.83
Gümüşhane,2022-11,54.92
Gümüşhane,2022-12,59.95
Gümüşhane,2023-01,60.27
Gümüşhane,2023-02,58.96
Gümüşhane,2023-03,57.27
Gümüşhane,2023-05,58.15
Gümüşhane,2023-06,55.25
Gümüşhane,2023-07,49.63
Gümüşhane,2023-08,49.94
Gümüşhane,2023-09,52.03
Gümüşhane,2023-10,52.99
Gümüşhane,2023-11,49.45
Gümüşhane,2023-12,62.68
Gümüşhane,2024-01,60.81
Gümüşhane,2024-02,58.92
Gümüşhane,2024-03,63.81
Gümüşhane,2024-04,54.54
Gümüşhane,2024-05,53.49
Gümüşhane,2024-06,46.59
Gümüşhane,2024-07,43.29
Gümüşhane,2024-08,49.84
Gümüşhane,2024-09,53.13
Gümüşhane,2024-10,50.24
Gümüşhane,2024-11,57.89
Gümüşhane,2024-12,62.31
Gümüşhane,2025-01,61.48
Gümüşhane,2025-02,62.57
Gümüşhane,2025-03,58.81
Gümüşhane,2025-05,54.42
Hakkari,2020-05,55.0
Hakkari,2020-06,49.55
Hakkari,2020-07,50.87
Hakkari,2020-08,49.41
Hakkari,2020-09,49.31
Hakkari,2020-10,50.67
Hakkari,2020-12,64.06
Hakkari,2021-02,62.76
Hakkari,2021-04,59.77
Hakkari,2021-05,50.9
Hakkari,2021-06,46.39
Hakkari,2021-07,47.02
Hakkari,2021-08,50.83
Hakkari,2021-09,49.32
Hakkari,2021-10,55.49
Hakkari,2021-11,57.21
Hakkari,2021-12,64.42
Hakkari,2022-02,63.83
Hakkari,2022-05,51.89
Hakkari,2022-06,49.11
Hakkari,2022-07,47.08
Hakkari,2022-08,47.13
Hakkari,2022-09,46.3
Hakkari,2022-10,54.95
Hakkari,2022-11,55.63
Hakkari,2023-01,63.25
Hakkari,2023-02,58.81
Hakkari,2023-05,54.93
Hakkari,2023-06,50.87
Hakkari,2023-07,48.89
Hakkari,2023-08,44.56
Hakkari,2023-09,50.53
Hakkari,2023-10,60.56
Hakkari,2023-11,49.85
Hakkari,2024-05,56.59
Hakkari,2024-06,51.6
Hakkari,2024-07,52.27
Hakkari,2024-08,47.13
Hakkari,2024-09,46.72
Hakkari,2024-10,55.22
Hakkari,2024-11,55.33
Hakkari,2024-12,63.31
Hakkari,2025-01,65.06
Hakkari,2025-04,59.25
Hakkari,2025-05,50.96
Hatay,2020-01,56.36
Hatay,2020-02,57.59
Hatay,2020-03,54.75
Hatay,2020-04,56.45
Hatay,2020-05,50.09
Hatay,2020-06,52.88
Hatay,2020-07,51.15
Hatay,2020-08,48.05
Hatay,2020-09,49.33
Hatay,2020-10,49.05
Hatay,2020-11,53.5
Hatay,2020-12,55.75
Hatay,2021-01,55.96
Hatay,2021-02,53.89
Hatay,2021-03,53.68
Hatay,2021-04,57.67
Hatay,2021-05,49.79
Hatay,2021-06,53.54
Hatay,2021-07,51.42
Hatay,2021-08,52.34
Hatay,2021-09,53.93
Hatay,2021-10,50.3
Hatay,2021-11,52.02
Hatay,2022-01,56.53
Hatay,2022-02,57.44
Hatay,2022-03,52.73
Hatay,2022-04,48.85
Hatay,2022-05,50.67
Hatay,2022-06,54.24
Hatay,2022-07,48.6
Hatay,2022-08,51.03
Hatay,2022-09,51.68
Hatay,2022-10,49.0
Hatay,2022-11,54.04
Hatay,2022-12,59.4
Hatay,2023-01,54.05
Hatay,2023-02,51.66
Hatay,2023-03,61.22
Hatay,2023-04,58.82
Hatay,2023-05,51.43
Hatay,2023-06,53.17
Hatay,2023-07,47.95
Hatay,2023-08,55.96
Hatay,2023-09,51.9
Hatay,2023-10,50.61
Hatay,2023-11,51.02
Hatay,2023-12,52.19
Hatay,2024-02,54.02
Hatay,2024-03,53.55
Hatay,2024-04,49.27
Hatay,2024-05,53.55
Hatay,2024-06,48.79
Hatay,2024-07,50.29
Hatay,2024-08,53.69
Hatay,2024-09,51.29
Hatay,2024-10,50.16
Hatay,2024-11,54.38
Hatay,2024-12,54.84
Hatay,2025-01,54.58
Hatay,2025-02,56.09
Hatay,2025-03,49.6
Hatay,2025-04,59.54
Hatay,2025-05,49.6
Isparta,2020-01,63.88
Isparta,2020-02,58.33
Isparta,2020-04,53.81
Isparta,2020-05,52.92
Isparta,2020-06,49.93
Isparta,2020-07,51.17
Isparta,2020-08,48.09
Isparta,2020-09,49.82
Isparta,2020-10,51.99
Isparta,2020-11,54.49
Isparta,2020-12,56.67
Isparta,2021-02,59.54
Isparta,2021-03,56.95
Isparta,2021-04,52.79
Isparta,2021-05,52.09
Isparta,2021-06,55.4
Isparta,2021-07,48.28
Isparta,2021-08,49.6
Isparta,2021-09,52.89
Isparta,2021-10,49.08
Isparta,2021-11,54.55
Isparta,2021-12,62.67
Isparta,2022-01,62.67
Isparta,2022-03,64.75
Isparta,2022-04,57.63
Isparta,2022-05,50.62
Isparta,2022-06,57.25
Isparta,2022-07,49.79
Isparta,2022-08,54.16
Isparta,2022-09,53.0
Isparta,2022-10,54.53
Isparta,2022-11,51.89
Isparta,2022-12,58.91
Isparta,2023-01,58.05
Isparta,2023-02,64.6
Isparta,2023-03,58.13
Isparta,2023-06,53.39
Isparta,2023-07,48.68
Isparta,2023-08,48.87
Isparta,2023-09,49.06
Isparta,2023-10,52.19
Isparta,2023-11,58.55
Isparta,2023-12,57.61
Isparta,2024-02,59.39
Isparta,2024-03,58.96
Isparta,2024-04,47.06
Isparta,2024-05,51.46
Isparta,2024-06,47.75
Isparta,2024-07,51.98
Isparta,2024-08,48.44
Isparta,2024-09,50.14
Isparta,2024-10,50.75
Isparta,2024-11,55.4
Isparta,2024-12,61.4
Isparta,2025-01,60.27
Isparta,2025-02,55.37
Isparta,2025-03,58.93
Isparta,2025-04,53.17
Iğdır,2020-01,60.92
Iğdır,2020-02,56.69
Iğdır,2020-03,60.34
Iğdır,2020-04,57.37
Iğdır,2020-05,50.9
Iğdır,2020-06,52.81
Iğdır,2020-07,48.92
Iğdır,2020-08,48.14
Iğdır,2020-09,48.8
Iğdır,2020-10,51.42
Iğdır,2020-11,56.21
Iğdır,2020-12,62.07
Iğdır,2021-01,61.25
Iğdır,2021-02,61.08
Iğdır,2021-04,54.08
Iğdır,2021-05,50.26
Iğdır,2021-06,47.05
Iğdır,2021-07,50.21
Iğdır,2021-08,46.06
Iğdır,2021-09,48.83
Iğdır,2021-10,51.66
Iğdır,2021-11,56.32
Iğdır,2022-01,60.14
Iğdır,2022-02,61.63
Iğdır,2022-03,59.66
Iğdır,2022-05,49.41
Iğdır,2022-06,54.38
Iğdır,2022-07,46.5
Iğdır,2022-08,47.35
Iğdır,2022-09,47.23
Iğdır,2022-10,52.09
Iğdır,2022-11,55.78
Iğdır,2022-12,57.57
Iğdır,2023-01,58.24
Iğdır,2023-02,60.43
Iğdır,2023-04,56.19
Iğdır,2023-05,51.52
Iğdır,2023-06,47.97
Iğdır,2023-07,45.68
Iğdır,2023-08,48.96
Iğdır,2023-09,50.11
Iğdır,2023-10,53.31
Iğdır,2023-11,52.02
Iğdır,2023-12,60.39
Iğdır,2024-02,59.35
Iğdır,2024-03,59.48
Iğdır,2024-04,54.39
Iğdır,2024-05,56.82
Iğdır,2024-06,45.87
Iğdır,2024-07,55.94
Iğdır,2024-08,50.5
Iğdır,2024-09,51.24
Iğdır,2024-10,52.05
Iğdır,2024-11,55.12
Iğdır,2024-12,57.91
Iğdır,2025-01,60.79
Iğdır,2025-02,58.39
Iğdır,2025-03,59.26
Iğdır,2025-05,58.1
Kahramanmaraş,2020-01,60.0
Kahramanmaraş,2020-02,60.6
Kahramanmaraş,2020-03,60.48
Kahramanmaraş,2020-04,57.32
Kahramanmaraş,2020-05,52.08
Kahramanmaraş,2020-06,51.26
Kahramanmaraş,2020-07,50.86
Kahramanmaraş,2020-08,46.4
Kahramanmaraş,2020-09,49.18
Kahramanmaraş,2020-10,50.85
Kahramanmaraş,2020-11,54.07
Kahramanmaraş,2020-12,57.29
Kahramanmaraş,2021-01,61.69
Kahramanmaraş,2021-02,61.55
Kahramanmaraş,2021-03,62.3
Kahramanmaraş,2021-04,56.65
Kahramanmaraş,2021-05,49.85
Kahramanmaraş,2021-06,51.96
Kahramanmaraş,2021-07,47.24
Kahramanmaraş,2021-08,50.26
Kahramanmaraş,2021-09,49.2
Kahramanmaraş,2021-10,49.1
Kahramanmaraş,2021-11,53.84
Kahramanmaraş,2021-12,64.7
Kahramanmaraş,2022-01,60.32
Kahramanmaraş,2022-02,62.98
Kahramanmaraş,2022-03,60.54
Kahramanmaraş,2022-04,54.33
Kahramanmaraş,2022-05,53.85
Kahramanmaraş,2022-06,50.21
Kahramanmaraş,2022-07,46.49
Kahramanmaraş,2022-08,50.5
Kahramanmaraş,2022-09,48.29
Kahramanmaraş,2022-10,50.22
Kahramanmaraş,2022-11,52.5
Kahramanmaraş,2022-12,58.51
Kahramanmaraş,2023-01,58.38
Kahramanmaraş,2023-02,60.63
Kahramanmaraş,2023-05,56.39
Kahramanmaraş,2023-06,61.02
Kahramanmaraş,2023-07,47.56
Kahramanmaraş,2023-08,48.44
Kahramanmaraş,2023-09,48.95
Kahramanmaraş,2023-10,51.6
Kahramanmaraş,2023-11,53.24
Kahramanmaraş,2023-12,55.81
Kahramanmaraş,2024-01,57.76
Kahramanmaraş,2024-02,57.09
Kahramanmaraş,2024-03,64.56
Kahramanmaraş,2024-04,55.76
Kahramanmaraş,2024-05,60.96
Kahramanmaraş,2024-06,46.92
Kahramanmaraş,2024-07,45.14
Kahramanmaraş,2024-08,49.15
Kahramanmaraş,2024-09,52.64
Kahramanmaraş,2024-10,52.57
Kahramanmaraş,2024-11,58.24
Kahramanmaraş,2024-12,57.16
Kahramanmaraş,2025-01,58.36
Kahramanmaraş,2025-02,56.02
Kahramanmaraş,2025-03,57.38
Kahramanmaraş,2025-04,56.88
Kahramanmaraş,2025-05,55.64
Karabük,2020-01,59.73
Karabük,2020-03,50.69
Karabük,2020-04,52.58
Karabük,2020-05,53.04
Karabük,2020-06,49.71
Karabük,2020-07,51.47
Karabük,2020-08,47.33
Karabük,2020-09,50.16
Karabük,2020-10,52.82
Karabük,2020-11,55.03
Karabük,2020-12,57.33
Karabük,2021-01,53.61
Karabük,2021-02,61.48
Karabük,2021-03,55.75
Karabük,2021-05,52.62
Karabük,2021-06,56.3
Karabük,2021-07,51.44
Karabük,2021-08,49.44
Karabük,2021-09,57.82
Karabük,2021-10,51.88
Karabük,2021-11,52.87
Karabük,2022-04,48.58
Karabük,2022-05,54.8
Karabük,2022-06,54.28
Karabük,2022-07,51.32
Karabük,2022-08,53.63
Karabük,2022-09,51.07
Karabük,2022-10,53.52
Karabük,2022-11,62.72
Karabük,2022-12,57.17
Karabük,2023-01,56.4
Karabük,2023-03,63.32
Karabük,2023-05,52.54
Karabük,2023-06,55.54
Karabük,2023-07,49.43
Karabük,2023-08,46.58
Karabük,2023-09,48.87
Karabük,2023-10,50.62
Karabük,2023-12,52.51
Karabük,2024-01,55.21
Karabük,2024-02,58.44
Karabük,2024-03,57.98
Karabük,2024-04,51.65
Karabük,2024-05,48.63
Karabük,2024-06,48.14
Karabük,2024-07,52.12
Karabük,2024-08,49.18
Karabük,2024-09,51.38
Karabük,2024-10,50.31
Karabük,2024-11,54.92
Karabük,2025-01,55.9
Karabük,2025-03,47.41
Karabük,2025-04,56.84
Karabük,2025-05,53.75
Karaman,2020-02,61.62
Karaman,2020-03,58.48
Karaman,2020-04,53.06
Karaman,2020-05,49.68
Karaman,2020-06,49.76
Karaman,2020-07,47.07
Karaman,2020-08,46.64
Karaman,2020-09,47.85
Karaman,2020-10,50.34
Karaman,2020-11,57.57
Karaman,2020-12,57.78
Karaman,2021-01,62.32
Karaman,2021-02,57.87
Karaman,2021-03,63.01
Karaman,2021-04,51.15
Karaman,2021-05,47.45
Karaman,2021-06,53.48
Karaman,2021-07,47.12
Karaman,2021-08,46.9
Karaman,2021-09,50.05
Karaman,2021-10,51.12
Karaman,2021-11,53.42
Karaman,2021-12,63.04
Karaman,2022-04,51.27
Karaman,2022-05,51.91
Karaman,2022-06,53.0
Karaman,2022-07,47.09
Karaman,2022-08,47.77
Karaman,2022-09,47.71
Karaman,2022-10,51.12
Karaman,2022-11,53.94
Karaman,2022-12,55.53
Karaman,2023-01,55.81
Karaman,2023-04,54.75
Karaman,2023-05,51.46
Karaman,2023-06,50.48
Karaman,2023-07,44.8
Karaman,2023-08,45.1
Karaman,2023-09,44.46
Karaman,2023-10,50.52
Karaman,2023-11,51.61
Karaman,2023-12,55.65
Karaman,2024-02,57.25
Karaman,2024-03,51.8
Karaman,2024-04,47.7
Karaman,2024-05,50.12
Karaman,2024-06,45.23
Karaman,2024-07,49.37
Karaman,2024-08,47.34
Karaman,2024-09,49.92
Karaman,2024-10,52.08
Karaman,2024-11,54.18
Karaman,2024-12,58.43
Karaman,2025-01,56.24
Karaman,2025-02,54.39
Karaman,2025-03,52.51
Karaman,2025-04,48.44
Karaman,2025-05,51.49
Kars,2020-01,63.21
Kars,2020-02,61.79
Kars,2020-04,58.03
Kars,2020-05,49.79
Kars,2020-06,52.95
Kars,2020-07,53.0
Kars,2020-08,50.82
Kars,2020-09,50.5
Kars,2020-10,53.05
Kars,2020-11,57.65
Kars,2020-12,63.0
Kars,2021-02,62.3
Kars,2021-03,61.21
Kars,2021-04,55.12
Kars,2021-05,54.55
Kars,2021-06,49.44
Kars,2021-07,54.76
Kars,2021-08,53.06
Kars,2021-09,52.07
Kars,2021-10,51.81
Kars,2021-11,58.04
Kars,2021-12,63.26
Kars,2022-01,64.4
Kars,2022-02,61.52
Kars,2022-04,58.36
Kars,2022-05,55.3
Kars,2022-06,50.36
Kars,2022-07,51.27
Kars,2022-08,46.63
Kars,2022-09,49.06
Kars,2022-10,52.97
Kars,2022-11,55.18
Kars,2022-12,59.61
Kars,2023-01,60.25
Kars,2023-02,62.64
Kars,2023-05,56.88
Kars,2023-06,56.91
Kars,2023-07,50.81
Kars,2023-08,50.05
Kars,2023-09,53.69
Kars,2023-10,56.17
Kars,2023-11,52.93
Kars,2023-12,60.14
Kars,2024-02,62.84
Kars,2024-04,57.73
Kars,2024-05,52.57
Kars,2024-06,49.99
Kars,2024-07,54.5
Kars,2024-08,54.68
Kars,2024-09,52.09
Kars,2024-10,54.74
Kars,2024-11,57.75
Kars,2025-01,61.78
Kars,2025-02,62.25
Kars,2025-03,62.88
Kars,2025-05,51.92
Kastamonu,2020-01,64.46
Kastamonu,2020-03,62.04
Kastamonu,2020-04,54.09
Kastamonu,2020-05,59.88
Kastamonu,2020-06,53.72
Kastamonu,2020-07,52.93
Kastamonu,2020-08,48.37
Kastamonu,2020-09,50.36
Kastamonu,2020-10,54.28
Kastamonu,2020-11,57.15
Kastamonu,2020-12,59.04
Kastamonu,2021-01,58.46
Kastamonu,2021-03,56.7
Kastamonu,2021-05,50.79
Kastamonu,2021-06,57.6
Kastamonu,2021-07,50.51
Kastamonu,2021-08,54.0
Kastamonu,2021-09,56.89
Kastamonu,2021-10,52.32
Kastamonu,2021-11,55.13
Kastamonu,2021-12,66.09
Kastamonu,2022-04,57.22
Kastamonu,2022-05,49.55
Kastamonu,2022-06,59.91
Kastamonu,2022-07,50.47
Kastamonu,2022-08,49.63
Kastamonu,2022-09,56.3
Kastamonu,2022-10,54.79
Kastamonu,2022-11,52.1
Kastamonu,2022-12,63.44
Kastamonu,2023-01,59.31
Kastamonu,2023-03,53.58
Kastamonu,2023-05,62.78
Kastamonu,2023-07,49.95
Kastamonu,2023-08,47.82
Kastamonu,2023-09,48.85
Kastamonu,2023-10,55.16
Kastamonu,2023-11,61.8
Kastamonu,2023-12,55.86
Kastamonu,2024-01,63.99
Kastamonu,2024-02,60.72
Kastamonu,2024-04,53.15
Kastamonu,2024-05,52.63
Kastamonu,2024-06,53.04
Kastamonu,2024-08,49.29
Kastamonu,2024-09,56.5
Kastamonu,2024-10,55.08
Kastamonu,2024-11,55.32
Kastamonu,2025-01,56.97
Kastamonu,2025-02,65.27
Kastamonu,2025-03,64.65
Kastamonu,2025-04,54.0
Kastamonu,2025-05,54.31
Kayseri,2020-01,62.47
Kayseri,2020-03,62.37
Kayseri,2020-04,55.71
Kayseri,2020-05,51.49
Kayseri,2020-06,52.07
Kayseri,2020-07,49.02
Kayseri,2020-08,47.68
Kayseri,2020-09,49.09
Kayseri,2020-10,50.7
Kayseri,2020-11,55.48
Kayseri,2020-12,58.81
Kayseri,2021-01,66.43
Kayseri,2021-02,65.54
Kayseri,2021-03,62.22
Kayseri,2021-04,50.74
Kayseri,2021-05,50.0
Kayseri,2021-06,50.53
Kayseri,2021-07,50.84
Kayseri,2021-08,46.49
Kayseri,2021-09,49.28
Kayseri,2021-10,52.37
Kayseri,2021-11,54.99
Kayseri,2021-12,59.47
Kayseri,2022-04,54.89
Kayseri,2022-05,53.87
Kayseri,2022-06,52.01
Kayseri,2022-07,45.35
Kayseri,2022-08,49.46
Kayseri,2022-09,48.0
Kayseri,2022-10,50.76
Kayseri,2022-11,54.22
Kayseri,2022-12,62.12
Kayseri,2023-01,58.33
Kayseri,2023-05,56.82
Kayseri,2023-06,51.49
Kayseri,2023-07,47.59
Kayseri,2023-08,46.21
Kayseri,2023-09,47.08
Kayseri,2023-10,54.32
Kayseri,2023-11,56.62
Kayseri,2023-12,59.54
Kayseri,2024-02,54.46
Kayseri,2024-03,54.34
Kayseri,2024-04,55.48
Kayseri,2024-06,44.4
Kayseri,2024-07,46.67
Kayseri,2024-08,49.67
Kayseri,2024-09,50.88
Kayseri,2024-10,47.25
Kayseri,2024-11,53.52
Kayseri,2025-01,61.28
Kayseri,2025-02,57.12
Kayseri,2025-03,58.72
Kayseri,2025-04,59.71
Kayseri,2025-05,52.05
Kilis,2020-01,54.03
Kilis,2020-02,53.43
Kilis,2020-03,49.25
Kilis,2020-04,52.4
Kilis,2020-05,46.78
Kilis,2020-06,44.31
Kilis,2020-07,42.87
Kilis,2020-08,42.33
Kilis,2020-09,44.32
Kilis,2020-10,46.62
Kilis,2020-11,52.46
Kilis,2020-12,55.26
Kilis,2021-01,53.99
Kilis,2021-02,51.81
Kilis,2021-03,51.49
Kilis,2021-04,48.82
Kilis,2021-05,45.43
Kilis,2021-06,45.89
Kilis,2021-07,42.22
Kilis,2021-08,42.58
Kilis,2021-09,44.03
Kilis,2021-10,45.96
Kilis,2021-11,49.74
Kilis,2021-12,54.42
Kilis,2022-01,55.12
Kilis,2022-02,53.04
Kilis,2022-03,50.65
Kilis,2022-04,48.8
Kilis,2022-05,48.76
Kilis,2022-06,43.87
Kilis,2022-07,41.62
Kilis,2022-08,44.04
Kilis,2022-09,45.25
Kilis,2022-10,47.19
Kilis,2022-11,48.62
Kilis,2022-12,53.09
Kilis,2023-01,54.74
Kilis,2023-02,51.42
Kilis,2023-03,51.09
Kilis,2023-04,51.5
Kilis,2023-05,46.9
Kilis,2023-06,43.98
Kilis,2023-07,41.57
Kilis,2023-08,43.49
Kilis,2023-09,42.48
Kilis,2023-10,47.29
Kilis,2023-11,47.22
Kilis,2023-12,52.19
Kilis,2024-02,48.31
Kilis,2024-03,53.37
Kilis,2024-04,46.54
Kilis,2024-05,47.49
Kilis,2024-06,40.87
Kilis,2024-07,39.45
Kilis,2024-08,42.05
Kilis,2024-09,46.44
Kilis,2024-10,47.32
Kilis,2024-11,51.32
Kilis,2024-12,53.2
Kilis,2025-01,52.0
Kilis,2025-02,51.38
Kilis,2025-03,48.47
Kilis,2025-04,44.13
Kilis,2025-05,45.7
Kocaeli,2020-01,60.03
Kocaeli,2020-02,55.23
Kocaeli,2020-03,51.86
Kocaeli,2020-04,54.3
Kocaeli,2020-05,50.09
Kocaeli,2020-07,49.84
Kocaeli,2020-08,52.96
Kocaeli,2020-09,54.7
Kocaeli,2020-10,51.21
Kocaeli,2020-11,54.24
Kocaeli,2020-12,54.49
Kocaeli,2021-01,59.66
Kocaeli,2021-02,57.96
Kocaeli,2021-03,60.71
Kocaeli,2021-05,51.47
Kocaeli,2021-06,54.24
Kocaeli,2021-07,50.7
Kocaeli,2021-08,52.91
Kocaeli,2021-09,55.57
Kocaeli,2021-10,55.36
Kocaeli,2021-11,55.49
Kocaeli,2021-12,57.03
Kocaeli,2022-01,61.19
Kocaeli,2022-02,56.56
Kocaeli,2022-03,57.73
Kocaeli,2022-04,52.83
Kocaeli,2022-05,50.98
Kocaeli,2022-06,61.52
Kocaeli,2022-07,51.26
Kocaeli,2022-08,48.46
Kocaeli,2022-09,54.94
Kocaeli,2022-10,52.05
Kocaeli,2022-11,58.4
Kocaeli,2022-12,56.45
Kocaeli,2023-01,54.44
Kocaeli,2023-02,55.31
Kocaeli,2023-03,57.66
Kocaeli,2023-06,50.78
Kocaeli,2023-07,51.2
Kocaeli,2023-08,47.47
Kocaeli,2023-09,51.29
Kocaeli,2023-10,53.21
Kocaeli,2023-11,56.45
Kocaeli,2023-12,56.42
Kocaeli,2024-01,61.47
Kocaeli,2024-02,49.53
Kocaeli,2024-03,52.38
Kocaeli,2024-04,50.52
Kocaeli,2024-06,53.95
Kocaeli,2024-07,58.45
Kocaeli,2024-08,46.39
Kocaeli,2024-09,52.97
Kocaeli,2024-10,54.39
Kocaeli,2024-11,55.75
Kocaeli,2024-12,56.97
Kocaeli,2025-01,54.46
Kocaeli,2025-05,52.4
Konya,2020-02,56.1
Konya,2020-03,54.99
Konya,2020-05,53.31
Konya,2020-06,51.0
Konya,2020-07,49.28
Konya,2020-08,48.49
Konya,2020-09,50.14
Konya,2020-10,51.07
Konya,2020-11,56.25
Konya,2020-12,57.17
Konya,2021-01,63.18
Konya,2021-02,56.97
Konya,2021-04,56.5
Konya,2021-05,50.62
Konya,2021-06,51.72
Konya,2021-07,49.36
Konya,2021-08,47.68
Konya,2021-09,52.48
Konya,2021-10,52.84
Konya,2021-11,54.57
Konya,2021-12,63.69
Konya,2022-01,62.28
Konya,2022-03,60.66
Konya,2022-04,52.0
Konya,2022-05,55.16
Konya,2022-06,56.28
Konya,2022-07,48.83
Konya,2022-08,52.12
Konya,2022-09,53.39
Konya,2022-10,53.13
Konya,2022-11,54.66
Konya,2022-12,57.0
Konya,2023-01,56.55
Konya,2023-03,59.08
Konya,2023-05,63.02
Konya,2023-06,50.86
Konya,2023-07,47.4
Konya,2023-08,48.37
Konya,2023-09,49.27
Konya,2023-10,52.93
Konya,2023-11,53.31
Konya,2023-12,55.84
Konya,2024-01,58.63
Konya,2024-02,56.49
Konya,2024-03,55.41
Konya,2024-04,51.81
Konya,2024-05,53.84
Konya,2024-06,45.0
Konya,2024-07,56.48
Konya,2024-08,47.46
Konya,2024-09,51.31
Konya,2024-10,51.1
Konya,2024-11,55.03
Konya,2024-12,57.78
Konya,2025-01,57.19
Konya,2025-02,54.39
Konya,2025-03,53.91
Konya,2025-04,55.08
Konya,2025-05,57.17
Kütahya,2020-01,62.15
Kütahya,2020-02,57.26
Kütahya,2020-03,54.03
Kütahya,2020-04,55.57
Kütahya,2020-05,50.02
Kütahya,2020-06,50.89
Kütahya,2020-07,50.22
Kütahya,2020-08,49.12
Kütahya,2020-09,50.35
Kütahya,2020-10,51.31
Kütahya,2020-11,54.42
Kütahya,2020-12,56.25
Kütahya,2021-01,63.54
Kütahya,2021-02,55.41
Kütahya,2021-03,59.69
Kütahya,2021-05,49.37
Kütahya,2021-06,50.01
Kütahya,2021-07,49.03
Kütahya,2021-08,51.34
Kütahya,2021-09,53.83
Kütahya,2021-10,52.05
Kütahya,2021-11,54.18
Kütahya,2022-01,58.98
Kütahya,2022-02,62.08
Kütahya,2022-03,53.14
Kütahya,2022-04,64.53
Kütahya,2022-05,53.28
Kütahya,2022-06,52.49
Kütahya,2022-07,49.85
Kütahya,2022-08,49.72
Kütahya,2022-09,53.38
Kütahya,2022-10,52.49
Kütahya,2022-11,53.22
Kütahya,2022-12,55.76
Kütahya,2023-01,56.56
Kütahya,2023-02,61.69
Kütahya,2023-03,52.65
Kütahya,2023-04,59.46
Kütahya,2023-05,60.12
Kütahya,2023-06,56.59
Kütahya,2023-07,47.88
Kütahya,2023-08,51.83
Kütahya,2023-09,47.01
Kütahya,2023-10,51.52
Kütahya,2023-12,53.98
Kütahya,2024-01,59.88
Kütahya,2024-02,56.79
Kütahya,2024-03,52.9
Kütahya,2024-04,50.78
Kütahya,2024-05,52.95
Kütahya,2024-06,47.24
Kütahya,2024-07,45.25
Kütahya,2024-08,46.52
Kütahya,2024-09,46.4
Kütahya,2024-10,50.98
Kütahya,2024-11,52.74
Kütahya,2024-12,59.58
Kütahya,2025-01,57.68
Kütahya,2025-02,55.7
Kütahya,2025-03,58.43
Kütahya,2025-04,52.02
Kütahya,2025-05,55.09
Kırklareli,2020-01,55.87
Kırklareli,2020-02,55.15
Kırklareli,2020-03,53.44
Kırklareli,2020-04,55.09
Kırklareli,2020-05,51.59
Kırklareli,2020-06,54.39
Kırklareli,2020-07,51.69
Kırklareli,2020-08,52.38
Kırklareli,2020-09,50.72
Kırklareli,2020-10,53.89
Kırklareli,2020-11,54.36
Kırklareli,2021-01,61.11
Kırklareli,2021-02,53.24
Kırklareli,2021-03,56.0
Kırklareli,2021-04,51.11
Kırklareli,2021-05,50.54
Kırklareli,2021-06,49.12
Kırklareli,2021-07,48.24
Kırklareli,2021-08,51.73
Kırklareli,2021-09,59.33
Kırklareli,2021-11,54.27
Kırklareli,2022-01,59.92
Kırklareli,2022-02,60.47
Kırklareli,2022-03,54.84
Kırklareli,2022-04,53.27
Kırklareli,2022-05,50.24
Kırklareli,2022-06,55.13
Kırklareli,2022-07,50.76
Kırklareli,2022-08,55.28
Kırklareli,2022-09,51.22
Kırklareli,2022-10,55.92
Kırklareli,2022-11,53.04
Kırklareli,2022-12,53.37
Kırklareli,2023-01,50.72
Kırklareli,2023-02,57.36
Kırklareli,2023-03,49.9
Kırklareli,2023-06,52.41
Kırklareli,2023-07,52.2
Kırklareli,2023-08,47.17
Kırklareli,2023-09,54.18
Kırklareli,2023-10,51.2
Kırklareli,2023-11,61.5
Kırklareli,2023-12,53.86
Kırklareli,2024-02,54.5
Kırklareli,2024-03,63.52
Kırklareli,2024-04,51.19
Kırklareli,2024-05,48.71
Kırklareli,2024-06,50.03
Kırklareli,2024-07,51.52
Kırklareli,2024-08,48.15
Kırklareli,2024-09,54.09
Kırklareli,2024-10,53.44
Kırklareli,2024-11,51.14
Kırklareli,2024-12,56.41
Kırklareli,2025-01,61.95
Kırklareli,2025-02,63.81
Kırklareli,2025-03,53.33
Kırklareli,2025-05,52.28
Kırıkkale,2020-01,56.42
Kırıkkale,2020-02,53.92
Kırıkkale,2020-03,53.38
Kırıkkale,2020-04,52.27
Kırıkkale,2020-05,50.78
Kırıkkale,2020-06,48.68
Kırıkkale,2020-07,46.44
Kırıkkale,2020-08,44.34
Kırıkkale,2020-09,47.32
Kırıkkale,2020-10,50.81
Kırıkkale,2020-11,53.5
Kırıkkale,2020-12,56.07
Kırıkkale,2021-01,59.17
Kırıkkale,2021-02,52.85
Kırıkkale,2021-03,55.73
Kırıkkale,2021-05,46.17
Kırıkkale,2021-06,55.26
Kırıkkale,2021-07,44.83
Kırıkkale,2021-08,46.09
Kırıkkale,2021-09,50.78
Kırıkkale,2021-10,51.3
Kırıkkale,2021-11,56.3
Kırıkkale,2021-12,57.12
Kırıkkale,2022-01,57.09
Kırıkkale,2022-02,64.33
Kırıkkale,2022-03,55.24
Kırıkkale,2022-04,47.71
Kırıkkale,2022-05,47.49
Kırıkkale,2022-06,49.76
Kırıkkale,2022-07,46.51
Kırıkkale,2022-08,46.35
Kırıkkale,2022-09,49.12
Kırıkkale,2022-10,48.9
Kırıkkale,2022-11,54.0
Kırıkkale,2022-12,56.91
Kırıkkale,2023-01,56.63
Kırıkkale,2023-02,54.3
Kırıkkale,2023-03,56.34
Kırıkkale,2023-04,50.0
Kırıkkale,2023-05,53.73
Kırıkkale,2023-06,48.28
Kırıkkale,2023-07,45.07
Kırıkkale,2023-08,42.61
Kırıkkale,2023-09,46.45
Kırıkkale,2023-10,49.92
Kırıkkale,2023-11,53.2
Kırıkkale,2023-12,54.54
Kırıkkale,2024-01,56.23
Kırıkkale,2024-02,53.89
Kırıkkale,2024-03,52.12
Kırıkkale,2024-04,50.5
Kırıkkale,2024-05,46.78
Kırıkkale,2024-06,42.5
Kırıkkale,2024-07,47.31
Kırıkkale,2024-08,44.9
Kırıkkale,2024-09,49.47
Kırıkkale,2024-10,52.3
Kırıkkale,2024-11,51.66
Kırıkkale,2024-12,56.36
Kırıkkale,2025-01,53.78
Kırıkkale,2025-02,63.59
Kırıkkale,2025-03,50.24
Kırıkkale,2025-04,53.33
Kırıkkale,2025-05,47.96
Kırşehir,2020-01,55.18
Kırşehir,2020-03,53.23
Kırşehir,2020-04,55.14
Kırşehir,2020-05,49.03
Kırşehir,2020-06,49.08
Kırşehir,2020-07,47.65
Kırşehir,2020-08,47.25
Kırşehir,2020-09,47.61
Kırşehir,2020-10,51.47
Kırşehir,2020-11,53.07
Kırşehir,2020-12,55.25
Kırşehir,2021-01,55.45
Kırşehir,2021-02,55.53
Kırşehir,2021-03,52.87
Kırşehir,2021-05,45.94
Kırşehir,2021-06,57.05
Kırşehir,2021-07,47.57
Kırşehir,2021-08,46.88
Kırşehir,2021-09,49.63
Kırşehir,2021-10,51.5
Kırşehir,2021-11,54.12
Kırşehir,2021-12,54.31
Kırşehir,2022-01,52.6
Kırşehir,2022-03,59.11
Kırşehir,2022-04,51.86
Kırşehir,2022-05,47.9
Kırşehir,2022-06,50.57
Kırşehir,2022-07,47.57
Kırşehir,2022-08,52.54
Kırşehir,2022-09,49.49
Kırşehir,2022-10,49.02
Kırşehir,2022-11,53.62
Kırşehir,2022-12,52.18
Kırşehir,2023-01,51.97
Kırşehir,2023-02,57.04
Kırşehir,2023-05,55.03
Kırşehir,2023-06,48.4
Kırşehir,2023-07,46.5
Kırşehir,2023-08,44.11
Kırşehir,2023-09,47.14
Kırşehir,2023-10,50.74
Kırşehir,2023-11,50.37
Kırşehir,2023-12,55.68
Kırşehir,2024-02,54.34
Kırşehir,2024-03,47.35
Kırşehir,2024-04,51.91
Kırşehir,2024-05,54.73
Kırşehir,2024-06,45.6
Kırşehir,2024-07,49.07
Kırşehir,2024-08,43.88
Kırşehir,2024-09,46.05
Kırşehir,2024-10,48.74
Kırşehir,2024-11,52.15
Kırşehir,2024-12,57.6
Kırşehir,2025-01,55.87
Kırşehir,2025-02,50.98
Kırşehir,2025-03,54.53
Kırşehir,2025-04,54.72
Kırşehir,2025-05,54.93
Malatya,2020-01,62.21
Malatya,2020-02,62.34
Malatya,2020-03,62.58
Malatya,2020-04,53.71
Malatya,2020-05,50.39
Malatya,2020-06,49.19
Malatya,2020-07,48.47
Malatya,2020-08,45.95
Malatya,2020-09,46.77
Malatya,2020-10,49.67
Malatya,2020-11,55.83
Malatya,2020-12,60.85
Malatya,2021-01,63.9
Malatya,2021-02,60.78
Malatya,2021-03,60.52
Malatya,2021-04,54.05
Malatya,2021-05,49.81
Malatya,2021-06,48.59
Malatya,2021-07,46.19
Malatya,2021-08,48.78
Malatya,2021-09,48.57
Malatya,2021-10,49.22
Malatya,2021-11,53.87
Malatya,2021-12,59.04
Malatya,2022-01,62.05
Malatya,2022-02,63.16
Malatya,2022-04,53.71
Malatya,2022-05,52.1
Malatya,2022-06,49.41
Malatya,2022-07,46.18
Malatya,2022-08,46.57
Malatya,2022-09,47.43
Malatya,2022-10,52.96
Malatya,2022-11,52.56
Malatya,2022-12,57.68
Malatya,2023-01,56.17
Malatya,2023-02,60.62
Malatya,2023-03,61.02
Malatya,2023-04,54.69
Malatya,2023-05,53.1
Malatya,2023-06,53.94
Malatya,2023-07,44.8
Malatya,2023-08,46.28
Malatya,2023-09,47.5
Malatya,2023-10,52.48
Malatya,2023-11,55.31
Malatya,2023-12,57.86
Malatya,2024-01,58.16
Malatya,2024-02,58.05
Malatya,2024-03,57.65
Malatya,2024-04,53.47
Malatya,2024-05,48.38
Malatya,2024-06,45.86
Malatya,2024-07,40.71
Malatya,2024-08,45.49
Malatya,2024-09,50.13
Malatya,2024-10,53.02
Malatya,2024-11,57.0
Malatya,2024-12,63.0
Malatya,2025-01,59.93
Malatya,2025-02,55.79
Malatya,2025-04,53.85
Malatya,2025-05,52.45
Manisa,2020-01,58.8
Manisa,2020-02,56.13
Manisa,2020-03,50.07
Manisa,2020-04,50.51
Manisa,2020-05,48.05
Manisa,2020-06,50.84
Manisa,2020-07,48.13
Manisa,2020-08,47.75
Manisa,2020-09,48.3
Manisa,2020-10,50.6
Manisa,2020-11,53.01
Manisa,2020-12,60.08
Manisa,2021-01,59.14
Manisa,2021-02,53.11
Manisa,2021-03,56.61
Manisa,2021-04,57.3
Manisa,2021-05,49.04
Manisa,2021-06,49.81
Manisa,2021-07,45.9
Manisa,2021-08,46.13
Manisa,2021-09,50.96
Manisa,2021-10,52.42
Manisa,2021-11,53.74
Manisa,2021-12,59.11
Manisa,2022-01,58.8
Manisa,2022-02,55.86
Manisa,2022-03,54.17
Manisa,2022-04,48.88
Manisa,2022-05,52.0
Manisa,2022-06,56.95
Manisa,2022-07,46.49
Manisa,2022-08,49.99
Manisa,2022-09,48.9
Manisa,2022-10,51.97
Manisa,2022-11,51.1
Manisa,2022-12,55.14
Manisa,2023-01,55.6
Manisa,2023-02,56.97
Manisa,2023-03,49.74
Manisa,2023-05,53.55
Manisa,2023-06,52.16
Manisa,2023-07,46.11
Manisa,2023-08,47.2
Manisa,2023-09,47.88
Manisa,2023-10,51.04
Manisa,2023-11,56.68
Manisa,2023-12,55.43
Manisa,2024-01,56.74
Manisa,2024-02,54.46
Manisa,2024-03,50.71
Manisa,2024-04,52.12
Manisa,2024-05,51.1
Manisa,2024-06,46.3
Manisa,2024-07,45.32
Manisa,2024-08,47.61
Manisa,2024-09,49.03
Manisa,2024-10,50.94
Manisa,2024-11,52.01
Manisa,2024-12,55.31
Manisa,2025-01,54.07
Manisa,2025-02,56.59
Manisa,2025-03,49.38
Manisa,2025-04,57.7
Manisa,2025-05,50.89
Mardin,2020-01,57.26
Mardin,2020-03,51.06
Mardin,2020-04,60.74
Mardin,2020-05,46.55
Mardin,2020-06,47.99
Mardin,2020-07,44.69
Mardin,2020-08,44.8
Mardin,2020-09,44.07
Mardin,2020-10,47.17
Mardin,2020-11,52.08
Mardin,2020-12,54.54
Mardin,2021-01,56.36
Mardin,2021-02,53.49
Mardin,2021-03,53.28
Mardin,2021-04,56.88
Mardin,2021-05,48.51
Mardin,2021-06,47.28
Mardin,2021-07,42.6
Mardin,2021-08,45.94
Mardin,2021-09,44.49
Mardin,2021-10,47.92
Mardin,2021-11,50.85
Mardin,2021-12,55.6
Mardin,2022-01,56.32
Mardin,2022-02,54.4
Mardin,2022-03,55.19
Mardin,2022-04,53.0
Mardin,2022-05,51.4
Mardin,2022-06,46.78
Mardin,2022-07,40.75
Mardin,2022-08,42.94
Mardin,2022-09,45.91
Mardin,2022-10,47.08
Mardin,2022-11,48.67
Mardin,2022-12,55.42
Mardin,2023-01,53.06
Mardin,2023-02,55.54
Mardin,2023-04,60.4
Mardin,2023-05,49.9
Mardin,2023-06,46.12
Mardin,2023-07,41.29
Mardin,2023-08,42.7
Mardin,2023-09,46.25
Mardin,2023-10,52.57
Mardin,2023-11,48.94
Mardin,2023-12,55.43
Mardin,2024-02,52.05
Mardin,2024-03,49.88
Mardin,2024-04,50.32
Mardin,2024-05,53.26
Mardin,2024-06,46.77
Mardin,2024-07,42.35
Mardin,2024-08,42.21
Mardin,2024-09,46.55
Mardin,2024-10,48.26
Mardin,2024-11,54.77
Mardin,2024-12,55.44
Mardin,2025-01,52.08
Mardin,2025-02,53.27
Mardin,2025-03,48.5
Mardin,2025-04,57.62
Mardin,2025-05,45.0
Mersin,2020-01,65.51
Mersin,2020-03,61.27
Mersin,2020-04,55.59
Mersin,2020-05,53.41
Mersin,2020-06,51.89
Mersin,2020-07,52.06
Mersin,2020-08,49.86
Mersin,2020-09,51.15
Mersin,2020-10,52.76
Mersin,2020-11,58.06
Mersin,2020-12,57.74
Mersin,2021-01,63.66
Mersin,2021-02,56.65
Mersin,2021-03,58.85
Mersin,2021-04,56.05
Mersin,2021-05,51.65
Mersin,2021-06,51.75
Mersin,2021-07,50.71
Mersin,2021-08,49.29
Mersin,2021-09,54.48
Mersin,2021-10,52.42
Mersin,2021-11,54.25
Mersin,2021-12,64.64
Mersin,2022-01,61.22
Mersin,2022-02,62.92
Mersin,2022-03,61.38
Mersin,2022-04,54.46
Mersin,2022-05,55.71
Mersin,2022-06,56.52
Mersin,2022-07,49.34
Mersin,2022-08,52.25
Mersin,2022-09,50.54
Mersin,2022-10,51.68
Mersin,2022-11,51.77
Mersin,2022-12,56.74
Mersin,2023-01,56.03
Mersin,2023-02,61.07
Mersin,2023-03,62.25
Mersin,2023-06,54.9
Mersin,2023-07,48.0
Mersin,2023-08,51.85
Mersin,2023-09,50.09
Mersin,2023-10,53.2
Mersin,2023-11,57.01
Mersin,2023-12,57.17
Mersin,2024-01,63.68
Mersin,2024-02,58.61
Mersin,2024-03,57.1
Mersin,2024-04,53.2
Mersin,2024-05,59.99
Mersin,2024-06,50.64
Mersin,2024-07,48.34
Mersin,2024-08,51.54
Mersin,2024-09,55.51
Mersin,2024-10,51.5
Mersin,2024-11,57.48
Mersin,2024-12,60.83
Mersin,2025-01,60.14
Mersin,2025-02,61.28
Mersin,2025-03,56.46
Mersin,2025-04,53.77
Mersin,2025-05,60.11
Muğla,2020-01,58.9
Muğla,2020-02,60.17
Muğla,2020-03,56.45
Muğla,2020-04,59.9
Muğla,2020-05,48.83
Muğla,2020-06,55.4
Muğla,2020-07,49.94
Muğla,2020-08,49.44
Muğla,2020-09,52.58
Muğla,2020-10,53.18
Muğla,2020-11,56.86
Muğla,2020-12,59.75
Muğla,2021-01,58.94
Muğla,2021-02,56.3
Muğla,2021-03,60.02
Muğla,2021-04,54.84
Muğla,2021-05,49.13
Muğla,2021-06,48.93
Muğla,2021-07,51.69
Muğla,2021-08,50.43
Muğla,2021-09,53.14
Muğla,2021-10,55.5
Muğla,2021-11,55.0
Muğla,2021-12,57.73
Muğla,2022-01,58.72
Muğla,2022-02,59.08
Muğla,2022-03,58.95
Muğla,2022-04,55.49
Muğla,2022-05,54.46
Muğla,2022-06,56.66
Muğla,2022-07,50.32
Muğla,2022-08,53.17
Muğla,2022-09,52.28
Muğla,2022-10,54.6
Muğla,2022-11,55.81
Muğla,2022-12,57.22
Muğla,2023-01,57.22
Muğla,2023-02,59.39
Muğla,2023-03,57.01
Muğla,2023-04,62.19
Muğla,2023-05,56.02
Muğla,2023-06,52.43
Muğla,2023-07,49.57
Muğla,2023-08,51.84
Muğla,2023-09,51.64
Muğla,2023-10,52.6
Muğla,2023-11,60.37
Muğla,2023-12,57.18
Muğla,2024-01,59.33
Muğla,2024-02,58.76
Muğla,2024-03,57.17
Muğla,2024-04,51.61
Muğla,2024-05,53.26
Muğla,2024-06,50.48
Muğla,2024-07,50.87
Muğla,2024-08,52.6
Muğla,2024-09,51.49
Muğla,2024-10,52.71
Muğla,2024-11,56.7
Muğla,2024-12,55.88
Muğla,2025-01,55.95
Muğla,2025-02,59.83
Muğla,2025-03,57.29
Muğla,2025-04,55.52
Muğla,2025-05,55.23
Muş,2020-02,61.0
Muş,2020-04,61.2
Muş,2020-05,51.64
Muş,2020-06,51.34
Muş,2020-07,48.36
Muş,2020-08,47.85
Muş,2020-09,49.29
Muş,2020-10,51.27
Muş,2020-11,57.62
Muş,2020-12,57.04
Muş,2021-04,54.3
Muş,2021-05,49.67
Muş,2021-06,49.29
Muş,2021-07,51.61
Muş,2021-08,50.27
Muş,2021-09,47.5
Muş,2021-10,51.06
Muş,2021-11,56.61
Muş,2022-01,65.3
Muş,2022-05,53.63
Muş,2022-06,52.26
Muş,2022-07,47.43
Muş,2022-08,47.56
Muş,2022-09,48.89
Muş,2022-10,51.99
Muş,2022-11,55.46
Muş,2022-12,57.82
Muş,2023-01,56.65
Muş,2023-06,52.95
Muş,2023-07,47.06
Muş,2023-08,44.87
Muş,2023-09,48.48
Muş,2023-10,47.69
Muş,2023-11,52.11
Muş,2023-12,60.41
Muş,2024-02,63.39
Muş,2024-03,66.0
Muş,2024-04,57.24
Muş,2024-05,62.0
Muş,2024-06,48.01
Muş,2024-07,47.42
Muş,2024-08,51.04
Muş,2024-09,49.75
Muş,2024-10,50.26
Muş,2024-11,57.15
Muş,2024-12,64.61
Muş,2025-01,63.42
Muş,2025-02,66.29
Muş,2025-03,60.17
Muş,2025-04,63.52
Muş,2025-05,55.23
Nevşehir,2020-02,52.2
Nevşehir,2020-03,52.7
Nevşehir,2020-04,52.87
Nevşehir,2020-05,49.31
Nevşehir,2020-06,50.42
Nevşehir,2020-07,45.27
Nevşehir,2020-08,45.76
Nevşehir,2020-09,46.65
Nevşehir,2020-10,49.0
Nevşehir,2020-11,52.83
Nevşehir,2020-12,56.0
Nevşehir,2021-01,60.98
Nevşehir,2021-02,56.17
Nevşehir,2021-03,56.49
Nevşehir,2021-04,53.39
Nevşehir,2021-05,45.43
Nevşehir,2021-06,56.85
Nevşehir,2021-07,48.46
Nevşehir,2021-08,45.04
Nevşehir,2021-09,50.57
Nevşehir,2021-10,50.94
Nevşehir,2021-11,51.56
Nevşehir,2021-12,58.96
Nevşehir,2022-01,53.87
Nevşehir,2022-02,64.85
Nevşehir,2022-04,51.32
Nevşehir,2022-05,51.76
Nevşehir,2022-06,44.78
Nevşehir,2022-07,45.06
Nevşehir,2022-08,48.49
Nevşehir,2022-09,50.36
Nevşehir,2022-10,52.23
Nevşehir,2022-11,51.47
Nevşehir,2022-12,59.68
Nevşehir,2023-01,55.34
Nevşehir,2023-05,55.61
Nevşehir,2023-06,54.72
Nevşehir,2023-07,44.74
Nevşehir,2023-08,43.92
Nevşehir,2023-09,48.01
Nevşehir,2023-10,49.85
Nevşehir,2023-11,43.13
Nevşehir,2023-12,54.56
Nevşehir,2024-01,59.6
Nevşehir,2024-02,53.13
Nevşehir,2024-03,50.35
Nevşehir,2024-04,53.2
Nevşehir,2024-06,43.81
Nevşehir,2024-07,47.01
Nevşehir,2024-08,44.18
Nevşehir,2024-09,51.97
Nevşehir,2024-10,47.1
Nevşehir,2024-11,51.26
Nevşehir,2024-12,59.5
Nevşehir,2025-01,56.25
Nevşehir,2025-02,50.63
Nevşehir,2025-03,53.72
Nevşehir,2025-04,56.36
Nevşehir,2025-05,53.74
Niğde,2020-02,62.92
Niğde,2020-03,59.19
Niğde,2020-04,57.18
Niğde,2020-05,54.2
Niğde,2020-06,52.91
Niğde,2020-07,49.3
Niğde,2020-08,47.25
Niğde,2020-09,49.77
Niğde,2020-10,51.08
Niğde,2020-11,57.91
Niğde,2020-12,57.33
Niğde,2021-01,65.98
Niğde,2021-02,60.21
Niğde,2021-03,59.83
Niğde,2021-04,64.9
Niğde,2021-05,49.0
Niğde,2021-06,52.92
Niğde,2021-07,48.85
Niğde,2021-08,46.75
Niğde,2021-09,51.73
Niğde,2021-10,51.13
Niğde,2021-11,54.12
Niğde,2021-12,60.47
Niğde,2022-01,61.44
Niğde,2022-04,54.21
Niğde,2022-05,54.02
Niğde,2022-06,48.29
Niğde,2022-07,48.4
Niğde,2022-08,53.88
Niğde,2022-09,49.54
Niğde,2022-10,52.9
Niğde,2022-11,54.99
Niğde,2022-12,59.81
Niğde,2023-01,56.73
Niğde,2023-03,58.19
Niğde,2023-05,57.64
Niğde,2023-06,57.84
Niğde,2023-07,45.41
Niğde,2023-08,46.43
Niğde,2023-09,46.28
Niğde,2023-10,54.36
Niğde,2023-11,57.18
Niğde,2023-12,56.46
Niğde,2024-02,59.67
Niğde,2024-03,58.59
Niğde,2024-04,52.35
Niğde,2024-06,47.39
Niğde,2024-07,48.84
Niğde,2024-08,47.73
Niğde,2024-09,46.05
Niğde,2024-10,47.43
Niğde,2024-11,56.3
Niğde,2024-12,62.0
Niğde,2025-01,58.95
Niğde,2025-03,57.67
Niğde,2025-04,51.5
Niğde,2025-05,45.4
Ordu,2020-02,60.4
Ordu,2020-03,59.07
Ordu,2020-04,59.39
Ordu,2020-08,53.87
Ordu,2020-09,53.31
Ordu,2020-10,51.26
Ordu,2020-12,56.31
Ordu,2021-01,60.14
Ordu,2021-04,62.81
Ordu,2021-05,50.4
Ordu,2021-06,54.51
Ordu,2021-08,53.53
Ordu,2021-09,54.7
Ordu,2021-10,51.97
Ordu,2021-11,52.88
Ordu,2021-12,60.77
Ordu,2022-02,59.04
Ordu,2022-04,54.73
Ordu,2022-05,53.43
Ordu,2022-06,54.67
Ordu,2022-09,55.07
Ordu,2022-10,49.01
Ordu,2022-12,56.3
Ordu,2023-01,58.65
Ordu,2023-05,57.08
Ordu,2023-06,55.4
Ordu,2023-07,54.11
Ordu,2023-08,46.45
Ordu,2023-10,51.56
Ordu,2023-12,58.06
Ordu,2024-02,54.91
Ordu,2024-06,49.61
Ordu,2024-08,48.83
Ordu,2024-09,56.82
Ordu,2024-10,52.97
Ordu,2024-11,56.4
Ordu,2024-12,56.92
Ordu,2025-01,57.8
Ordu,2025-05,58.68
Osmaniye,2020-01,53.87
Osmaniye,2020-02,60.52
Osmaniye,2020-03,52.29
Osmaniye,2020-04,56.99
Osmaniye,2020-05,48.0
Osmaniye,2020-06,51.98
Osmaniye,2020-07,49.65
Osmaniye,2020-08,46.88
Osmaniye,2020-09,44.08
Osmaniye,2020-10,53.61
Osmaniye,2020-11,53.41
Osmaniye,2020-12,53.19
Osmaniye,2021-01,57.78
Osmaniye,2021-02,51.9
Osmaniye,2021-03,55.65
Osmaniye,2021-04,52.83
Osmaniye,2021-05,47.77
Osmaniye,2021-06,48.61
Osmaniye,2021-07,47.85
Osmaniye,2021-08,45.49
Osmaniye,2021-09,52.61
Osmaniye,2021-10,48.78
Osmaniye,2021-11,51.83
Osmaniye,2022-01,55.39
Osmaniye,2022-02,54.9
Osmaniye,2022-03,55.59
Osmaniye,2022-04,49.25
Osmaniye,2022-05,47.84
Osmaniye,2022-06,53.06
Osmaniye,2022-07,45.59
Osmaniye,2022-08,44.91
Osmaniye,2022-09,46.77
Osmaniye,2022-10,50.08
Osmaniye,2022-11,52.11
Osmaniye,2022-12,56.2
Osmaniye,2023-01,53.13
Osmaniye,2023-02,53.26
Osmaniye,2023-03,56.53
Osmaniye,2023-04,52.71
Osmaniye,2023-05,54.11
Osmaniye,2023-06,62.31
Osmaniye,2023-07,43.86
Osmaniye,2023-08,51.1
Osmaniye,2023-09,46.93
Osmaniye,2023-10,49.77
Osmaniye,2023-11,53.26
Osmaniye,2023-12,53.22
Osmaniye,2024-01,59.82
Osmaniye,2024-02,52.51
Osmaniye,2024-03,54.11
Osmaniye,2024-04,48.6
Osmaniye,2024-05,66.68
Osmaniye,2024-06,43.57
Osmaniye,2024-07,47.2
Osmaniye,2024-08,55.43
Osmaniye,2024-09,49.0
Osmaniye,2024-10,48.34
Osmaniye,2024-11,52.77
Osmaniye,2024-12,54.25
Osmaniye,2025-01,53.64
Osmaniye,2025-02,55.62
Osmaniye,2025-03,50.58
Osmaniye,2025-04,50.31
Osmaniye,2025-05,44.69
Rize,2020-06,49.67
Rize,2020-08,48.29
Rize,2020-09,49.47
Rize,2020-10,53.92
Rize,2020-12,63.78
Rize,2021-02,63.55
Rize,2021-05,58.63
Rize,2021-08,54.52
Rize,2022-09,52.86
Rize,2023-01,60.93
Rize,2023-07,56.43
Rize,2023-10,59.1
Rize,2024-06,57.16
Rize,2024-07,46.76
Rize,2024-09,59.62
Rize,2025-01,60.56
Sakarya,2020-01,60.19
Sakarya,2020-02,55.63
Sakarya,2020-03,55.96
Sakarya,2020-04,55.77
Sakarya,2020-05,47.53
Sakarya,2020-07,53.8
Sakarya,2020-08,51.71
Sakarya,2020-09,51.36
Sakarya,2020-10,53.18
Sakarya,2020-11,56.23
Sakarya,2020-12,55.7
Sakarya,2021-01,59.81
Sakarya,2021-02,59.13
Sakarya,2021-05,50.76
Sakarya,2021-06,55.25
Sakarya,2021-07,52.59
Sakarya,2021-08,52.74
Sakarya,2021-09,54.79
Sakarya,2021-10,56.39
Sakarya,2021-11,53.95
Sakarya,2021-12,53.62
Sakarya,2022-01,57.26
Sakarya,2022-02,60.9
Sakarya,2022-03,57.14
Sakarya,2022-04,53.2
Sakarya,2022-05,50.15
Sakarya,2022-07,54.66
Sakarya,2022-08,49.91
Sakarya,2022-09,52.71
Sakarya,2022-10,57.23
Sakarya,2022-12,57.88
Sakarya,2023-01,56.3
Sakarya,2023-02,60.09
Sakarya,2023-04,57.81
Sakarya,2023-06,50.56
Sakarya,2023-07,49.2
Sakarya,2023-08,45.48
Sakarya,2023-09,49.17
Sakarya,2023-10,50.99
Sakarya,2023-11,51.82
Sakarya,2023-12,50.96
Sakarya,2024-01,61.71
Sakarya,2024-02,55.72
Sakarya,2024-03,56.07
Sakarya,2024-04,53.23
Sakarya,2024-05,54.04
Sakarya,2024-06,46.13
Sakarya,2024-07,58.11
Sakarya,2024-08,54.03
Sakarya,2024-09,51.82
Sakarya,2024-10,53.63
Sakarya,2024-11,56.75
Sakarya,2024-12,55.98
Sakarya,2025-01,56.89
Sakarya,2025-05,48.85
Samsun,2020-02,56.77
Samsun,2020-03,54.81
Samsun,2020-04,55.58
Samsun,2020-05,55.86
Samsun,2020-06,54.23
Samsun,2020-07,54.31
Samsun,2020-08,51.8
Samsun,2020-09,53.77
Samsun,2020-10,50.56
Samsun,2020-12,53.34
Samsun,2021-01,55.59
Samsun,2021-03,63.05
Samsun,2021-04,50.95
Samsun,2021-05,54.43
Samsun,2021-06,56.47
Samsun,2021-07,59.95
Samsun,2021-08,56.1
Samsun,2021-09,52.84
Samsun,2021-10,52.64
Samsun,2021-11,54.24
Samsun,2021-12,50.16
Samsun,2022-01,65.93
Samsun,2022-02,63.39
Samsun,2022-04,49.76
Samsun,2022-05,52.13
Samsun,2022-06,46.53
Samsun,2022-07,56.43
Samsun,2022-08,56.88
Samsun,2022-09,51.02
Samsun,2022-10,52.78
Samsun,2022-11,62.33
Samsun,2022-12,57.78
Samsun,2023-01,58.76
Samsun,2023-02,65.91
Samsun,2023-05,60.88
Samsun,2023-06,50.65
Samsun,2023-07,52.09
Samsun,2023-08,51.13
Samsun,2023-09,52.6
Samsun,2023-10,53.17
Samsun,2023-12,58.89
Samsun,2024-02,55.22
Samsun,2024-04,53.95
Samsun,2024-06,56.76
Samsun,2024-07,57.53
Samsun,2024-08,51.89
Samsun,2024-09,48.87
Samsun,2024-10,52.53
Samsun,2024-11,59.29
Samsun,2025-01,58.43
Samsun,2025-03,56.62
Samsun,2025-05,53.64
Siirt,2020-01,61.75
Siirt,2020-03,60.83
Siirt,2020-04,59.9
Siirt,2020-05,52.87
Siirt,2020-06,46.62
Siirt,2020-07,45.9
Siirt,2020-08,47.11
Siirt,2020-09,47.36
Siirt,2020-10,50.91
Siirt,2020-12,57.2
Siirt,2021-01,60.2
Siirt,2021-02,60.74
Siirt,2021-05,47.71
Siirt,2021-06,45.0
Siirt,2021-07,45.23
Siirt,2021-08,46.14
Siirt,2021-09,46.76
Siirt,2021-10,51.27
Siirt,2021-11,52.24
Siirt,2021-12,63.11
Siirt,2022-01,62.48
Siirt,2022-02,58.98
Siirt,2022-04,62.42
Siirt,2022-05,46.91
Siirt,2022-06,48.16
Siirt,2022-07,43.98
Siirt,2022-08,43.18
Siirt,2022-09,43.81
Siirt,2022-10,48.82
Siirt,2022-11,54.95
Siirt,2022-12,59.13
Siirt,2023-01,55.16
Siirt,2023-02,63.06
Siirt,2023-05,52.56
Siirt,2023-06,49.87
Siirt,2023-07,43.61
Siirt,2023-08,45.74
Siirt,2023-09,47.49
Siirt,2023-10,55.06
Siirt,2023-11,51.1
Siirt,2023-12,58.33
Siirt,2024-02,56.44
Siirt,2024-03,64.39
Siirt,2024-04,51.64
Siirt,2024-05,58.8
Siirt,2024-06,43.52
Siirt,2024-07,48.97
Siirt,2024-08,48.54
Siirt,2024-09,46.54
Siirt,2024-10,46.7
Siirt,2024-11,54.78
Siirt,2024-12,58.08
Siirt,2025-01,58.24
Siirt,2025-02,59.17
Siirt,2025-03,57.22
Siirt,2025-04,50.15
Siirt,2025-05,51.44
Sinop,2020-02,64.14
Sinop,2020-03,58.85
Sinop,2020-04,55.97
Sinop,2020-05,49.68
Sinop,2020-06,52.61
Sinop,2020-07,51.96
Sinop,2020-08,48.34
Sinop,2020-09,46.92
Sinop,2020-10,53.94
Sinop,2020-11,57.12
Sinop,2020-12,55.92
Sinop,2021-01,54.7
Sinop,2021-03,59.42
Sinop,2021-05,52.4
Sinop,2021-06,52.73
Sinop,2021-07,51.71
Sinop,2021-08,55.52
Sinop,2021-09,56.26
Sinop,2021-10,53.45
Sinop,2021-11,52.87
Sinop,2021-12,58.25
Sinop,2022-04,52.19
Sinop,2022-05,57.17
Sinop,2022-06,61.64
Sinop,2022-07,52.35
Sinop,2022-08,58.77
Sinop,2022-09,53.62
Sinop,2022-10,52.71
Sinop,2022-11,52.33
Sinop,2022-12,56.91
Sinop,2023-01,60.93
Sinop,2023-03,56.15
Sinop,2023-06,51.61
Sinop,2023-07,50.11
Sinop,2023-08,48.2
Sinop,2023-09,51.65
Sinop,2023-10,55.11
Sinop,2023-12,54.89
Sinop,2024-02,51.14
Sinop,2024-03,59.96
Sinop,2024-04,54.26
Sinop,2024-06,50.02
Sinop,2024-07,58.82
Sinop,2024-08,49.88
Sinop,2024-09,53.28
Sinop,2024-10,50.78
Sinop,2024-11,59.31
Sinop,2025-01,57.73
Sinop,2025-03,63.43
Sinop,2025-05,50.76
Sivas,2020-01,63.95
Sivas,2020-02,62.22
Sivas,2020-04,56.23
Sivas,2020-05,53.79
Sivas,2020-06,51.61
Sivas,2020-07,52.71
Sivas,2020-08,48.57
Sivas,2020-09,49.3
Sivas,2020-10,50.54
Sivas,2020-11,56.26
Sivas,2020-12,56.73
Sivas,2021-01,62.44
Sivas,2021-02,62.54
Sivas,2021-04,54.75
Sivas,2021-05,48.74
Sivas,2021-06,50.96
Sivas,2021-07,48.83
Sivas,2021-08,49.96
Sivas,2021-09,49.0
Sivas,2021-10,50.56
Sivas,2021-11,56.39
Sivas,2021-12,57.3
Sivas,2022-01,65.18
Sivas,2022-04,50.48
Sivas,2022-05,53.33
Sivas,2022-06,53.97
Sivas,2022-07,49.41
Sivas,2022-08,52.71
Sivas,2022-09,49.76
Sivas,2022-10,55.44
Sivas,2022-11,56.41
Sivas,2022-12,57.17
Sivas,2023-01,58.34
Sivas,2023-03,59.89
Sivas,2023-04,64.32
Sivas,2023-05,55.21
Sivas,2023-06,52.5
Sivas,2023-07,49.39
Sivas,2023-08,46.92
Sivas,2023-09,51.96
Sivas,2023-10,53.99
Sivas,2023-11,54.61
Sivas,2023-12,61.53
Sivas,2024-02,58.77
Sivas,2024-04,53.68
Sivas,2024-06,46.88
Sivas,2024-07,48.28
Sivas,2024-08,47.07
Sivas,2024-09,51.42
Sivas,2024-10,50.52
Sivas,2024-11,54.02
Sivas,2024-12,61.57
Sivas,2025-01,61.39
Sivas,2025-04,54.44
Sivas,2025-05,61.28
Tekirdağ,2020-01,58.5
Tekirdağ,2020-02,56.25
Tekirdağ,2020-03,55.19
Tekirdağ,2020-04,54.4
Tekirdağ,2020-05,51.24
Tekirdağ,2020-06,50.82
Tekirdağ,2020-07,51.53
Tekirdağ,2020-08,53.65
Tekirdağ,2020-09,49.56
Tekirdağ,2020-10,56.53
Tekirdağ,2020-11,55.97
Tekirdağ,2021-01,59.89
Tekirdağ,2021-02,53.53
Tekirdağ,2021-03,56.01
Tekirdağ,2021-04,52.5
Tekirdağ,2021-05,58.82
Tekirdağ,2021-06,55.0
Tekirdağ,2021-07,52.92
Tekirdağ,2021-08,51.9
Tekirdağ,2021-09,52.7
Tekirdağ,2021-11,55.62
Tekirdağ,2021-12,62.07
Tekirdağ,2022-01,57.09
Tekirdağ,2022-02,53.73
Tekirdağ,2022-03,54.8
Tekirdağ,2022-04,51.63
Tekirdağ,2022-05,51.13
Tekirdağ,2022-06,53.26
Tekirdağ,2022-07,50.33
Tekirdağ,2022-08,59.34
Tekirdağ,2022-09,53.56
Tekirdağ,2022-10,56.88
Tekirdağ,2022-11,53.73
Tekirdağ,2022-12,55.24
Tekirdağ,2023-01,54.01
Tekirdağ,2023-02,56.88
Tekirdağ,2023-03,51.46
Tekirdağ,2023-06,55.93
Tekirdağ,2023-07,50.21
Tekirdağ,2023-08,47.87
Tekirdağ,2023-09,53.62
Tekirdağ,2023-10,47.0
Tekirdağ,2023-11,57.31
Tekirdağ,2023-12,54.7
Tekirdağ,2024-02,53.08
Tekirdağ,2024-03,57.41
Tekirdağ,2024-04,53.24
Tekirdağ,2024-05,48.36
Tekirdağ,2024-06,48.5
Tekirdağ,2024-07,49.01
Tekirdağ,2024-08,50.54
Tekirdağ,2024-09,54.32
Tekirdağ,2024-10,55.78
Tekirdağ,2024-11,56.31
Tekirdağ,2024-12,52.66
Tekirdağ,2025-01,61.6
Tekirdağ,2025-03,53.93
Tekirdağ,2025-04,55.24
Tekirdağ,2025-05,54.24
Tokat,2020-01,59.85
Tokat,2020-02,61.13
Tokat,2020-03,57.07
Tokat,2020-04,54.61
Tokat,2020-05,51.17
Tokat,2020-06,53.26
Tokat,2020-07,50.2
Tokat,2020-08,47.44
Tokat,2020-09,51.06
Tokat,2020-10,50.96
Tokat,2020-11,55.1
Tokat,2020-12,54.09
Tokat,2021-01,61.76
Tokat,2021-02,62.33
Tokat,2021-03,58.46
Tokat,2021-04,52.23
Tokat,2021-05,50.58
Tokat,2021-06,53.6
Tokat,2021-07,50.41
Tokat,2021-08,46.97
Tokat,2021-09,53.21
Tokat,2021-10,52.61
Tokat,2021-11,54.3
Tokat,2021-12,58.36
Tokat,2022-01,61.38
Tokat,2022-02,65.11
Tokat,2022-04,54.6
Tokat,2022-05,51.75
Tokat,2022-06,50.47
Tokat,2022-07,50.44
Tokat,2022-08,51.62
Tokat,2022-09,51.14
Tokat,2022-10,52.38
Tokat,2022-11,54.19
Tokat,2022-12,57.31
Tokat,2023-01,56.74
Tokat,2023-03,53.01
Tokat,2023-06,49.8
Tokat,2023-07,48.44
Tokat,2023-08,46.19
Tokat,2023-09,46.99
Tokat,2023-10,51.3
Tokat,2023-12,58.2
Tokat,2024-02,52.45
Tokat,2024-04,50.53
Tokat,2024-06,48.5
Tokat,2024-07,50.75
Tokat,2024-08,46.54
Tokat,2024-09,49.49
Tokat,2024-10,50.46
Tokat,2024-11,54.0
Tokat,2024-12,59.1
Tokat,2025-01,57.36
Tokat,2025-03,58.07
Tokat,2025-04,55.86
Tokat,2025-05,47.52
Trabzon,2020-01,62.2
Trabzon,2020-02,56.22
Trabzon,2020-03,62.21
Trabzon,2020-04,59.98
Trabzon,2020-05,57.63
Trabzon,2020-06,47.65
Trabzon,2020-08,51.31
Trabzon,2020-09,50.7
Trabzon,2020-10,53.08
Trabzon,2020-11,58.77
Trabzon,2020-12,57.72
Trabzon,2021-01,60.43
Trabzon,2021-02,60.54
Trabzon,2021-04,59.79
Trabzon,2021-05,51.15
Trabzon,2021-06,57.73
Trabzon,2021-10,57.56
Trabzon,2021-11,57.32
Trabzon,2021-12,61.95
Trabzon,2022-04,60.34
Trabzon,2022-05,56.44
Trabzon,2022-09,49.85
Trabzon,2022-11,58.16
Trabzon,2022-12,59.38
Trabzon,2023-01,59.67
Trabzon,2023-05,58.69
Trabzon,2023-07,50.04
Trabzon,2023-10,51.66
Trabzon,2023-11,52.93
Trabzon,2023-12,61.19
Trabzon,2024-02,55.93
Trabzon,2024-04,54.36
Trabzon,2024-05,54.59
Trabzon,2024-06,49.36
Trabzon,2024-07,47.89
Trabzon,2024-09,55.45
Trabzon,2024-10,51.05
Trabzon,2024-11,62.03
Trabzon,2024-12,62.35
Trabzon,2025-01,60.28
Trabzon,2025-05,51.9
Tunceli,2020-01,61.39
Tunceli,2020-02,63.16
Tunceli,2020-04,62.58
Tunceli,2020-05,51.89
Tunceli,2020-06,49.2
Tunceli,2020-07,50.17
Tunceli,2020-08,49.05
Tunceli,2020-09,47.93
Tunceli,2020-10,49.37
Tunceli,2020-11,57.32
Tunceli,2020-12,64.82
Tunceli,2021-02,62.59
Tunceli,2021-04,57.54
Tunceli,2021-05,49.77
Tunceli,2021-06,47.53
Tunceli,2021-07,51.32
Tunceli,2021-08,52.6
Tunceli,2021-09,49.48
Tunceli,2021-10,51.16
Tunceli,2021-11,54.85
Tunceli,2021-12,60.51
Tunceli,2022-01,64.77
Tunceli,2022-02,63.39
Tunceli,2022-05,53.07
Tunceli,2022-06,53.8
Tunceli,2022-07,50.04
Tunceli,2022-08,47.5
Tunceli,2022-09,47.04
Tunceli,2022-10,52.23
Tunceli,2022-11,53.3
Tunceli,2022-12,59.36
Tunceli,2023-01,57.96
Tunceli,2023-02,64.26
Tunceli,2023-05,62.63
Tunceli,2023-06,55.39
Tunceli,2023-07,46.84
Tunceli,2023-08,46.9
Tunceli,2023-09,51.94
Tunceli,2023-10,54.74
Tunceli,2023-12,64.79
Tunceli,2024-01,61.36
Tunceli,2024-02,63.29
Tunceli,2024-05,62.73
Tunceli,2024-06,47.91
Tunceli,2024-07,47.04
Tunceli,2024-08,48.84
Tunceli,2024-09,49.72
Tunceli,2024-10,52.55
Tunceli,2024-11,53.88
Tunceli,2025-01,61.59
Tunceli,2025-04,61.49
Tunceli,2025-05,54.11
Uşak,2020-01,58.71
Uşak,2020-02,55.73
Uşak,2020-03,51.41
Uşak,2020-04,53.51
Uşak,2020-05,50.2
Uşak,2020-06,52.16
Uşak,2020-07,47.22
Uşak,2020-08,45.87
Uşak,2020-09,47.18
Uşak,2020-10,50.5
Uşak,2020-11,54.69
Uşak,2020-12,57.38
Uşak,2021-01,56.98
Uşak,2021-02,54.09
Uşak,2021-03,53.17
Uşak,2021-04,56.83
Uşak,2021-05,45.81
Uşak,2021-06,46.81
Uşak,2021-07,46.72
Uşak,2021-08,44.92
Uşak,2021-09,49.73
Uşak,2021-10,52.06
Uşak,2021-11,52.92
Uşak,2021-12,57.08
Uşak,2022-01,57.9
Uşak,2022-02,58.36
Uşak,2022-03,53.93
Uşak,2022-04,57.99
Uşak,2022-05,53.61
Uşak,2022-06,54.56
Uşak,2022-07,46.25
Uşak,2022-08,47.87
Uşak,2022-09,49.32
Uşak,2022-10,50.57
Uşak,2022-11,52.34
Uşak,2022-12,55.4
Uşak,2023-01,56.96
Uşak,2023-02,56.13
Uşak,2023-03,50.65
Uşak,2023-04,63.21
Uşak,2023-05,59.24
Uşak,2023-06,54.49
Uşak,2023-07,45.94
Uşak,2023-08,48.07
Uşak,2023-09,46.21
Uşak,2023-10,49.53
Uşak,2023-11,53.38
Uşak,2023-12,50.96
Uşak,2024-01,56.0
Uşak,2024-02,53.52
Uşak,2024-03,53.26
Uşak,2024-04,49.33
Uşak,2024-05,52.29
Uşak,2024-06,43.88
Uşak,2024-07,47.3
Uşak,2024-08,46.12
Uşak,2024-09,45.74
Uşak,2024-10,49.47
Uşak,2024-11,52.82
Uşak,2024-12,56.1
Uşak,2025-01,52.42
Uşak,2025-02,53.55
Uşak,2025-03,51.72
Uşak,2025-04,52.88
Uşak,2025-05,50.73
Van,2020-02,64.23
Van,2020-05,56.82
Van,2020-06,51.3
Van,2020-07,52.56
Van,2020-08,49.15
Van,2020-09,53.82
Van,2020-10,51.38
Van,2020-11,61.09
Van,2020-12,63.72
Van,2021-04,58.49
Van,2021-05,53.37
Van,2021-06,48.32
Van,2021-07,51.26
Van,2021-08,49.92
Van,2021-09,51.18
Van,2021-10,53.3
Van,2021-11,57.57
Van,2022-01,64.2
Van,2022-05,53.47
Van,2022-06,52.59
Van,2022-07,48.3
Van,2022-08,48.64
Van,2022-09,48.04
Van,2022-10,58.28
Van,2022-11,57.18
Van,2022-12,60.79
Van,2023-01,61.09
Van,2023-05,61.05
Van,2023-06,50.97
Van,2023-07,49.96
Van,2023-08,51.73
Van,2023-09,53.8
Van,2023-10,62.27
Van,2023-11,52.48
Van,2024-04,59.26
Van,2024-05,63.16
Van,2024-06,51.41
Van,2024-07,54.73
Van,2024-08,54.89
Van,2024-09,50.74
Van,2024-10,50.88
Van,2024-11,58.95
Van,2024-12,61.94
Van,2025-01,62.87
Van,2025-05,54.02
Yalova,2020-01,58.8
Yalova,2020-02,56.0
Yalova,2020-03,55.73
Yalova,2020-04,54.6
Yalova,2020-05,51.37
Yalova,2020-06,50.56
Yalova,2020-07,50.65
Yalova,2020-08,53.55
Yalova,2020-09,50.38
Yalova,2020-10,52.16
Yalova,2020-11,55.07
Yalova,2021-01,54.9
Yalova,2021-02,58.94
Yalova,2021-05,50.8
Yalova,2021-06,50.25
Yalova,2021-07,51.01
Yalova,2021-08,50.32
Yalova,2021-10,56.73
Yalova,2021-11,55.46
Yalova,2021-12,59.19
Yalova,2022-01,54.99
Yalova,2022-02,59.53
Yalova,2022-03,60.62
Yalova,2022-04,53.12
Yalova,2022-05,52.95
Yalova,2022-06,50.98
Yalova,2022-07,53.18
Yalova,2022-08,52.54
Yalova,2022-09,51.58
Yalova,2022-10,57.19
Yalova,2022-11,52.66
Yalova,2022-12,57.85
Yalova,2023-01,56.09
Yalova,2023-02,61.51
Yalova,2023-04,58.45
Yalova,2023-05,59.77
Yalova,2023-06,52.45
Yalova,2023-07,50.07
Yalova,2023-08,49.22
Yalova,2023-09,51.25
Yalova,2023-10,52.44
Yalova,2023-11,64.9
Yalova,2023-12,56.59
Yalova,2024-02,55.76
Yalova,2024-03,54.51
Yalova,2024-04,54.11
Yalova,2024-05,52.16
Yalova,2024-06,50.85
Yalova,2024-07,51.78
Yalova,2024-08,51.86
Yalova,2024-10,54.29
Yalova,2024-11,55.83
Yalova,2024-12,55.88
Yalova,2025-01,52.81
Yalova,2025-02,56.05
Yalova,2025-03,54.91
Yalova,2025-04,55.6
Yalova,2025-05,52.52
Yozgat,2020-01,60.78
Yozgat,2020-02,59.99
Yozgat,2020-03,54.77
Yozgat,2020-04,54.37
Yozgat,2020-05,52.95
Yozgat,2020-06,50.1
Yozgat,2020-07,48.67
Yozgat,2020-08,46.85
Yozgat,2020-09,48.56
Yozgat,2020-10,51.02
Yozgat,2020-11,55.5
Yozgat,2020-12,55.53
Yozgat,2021-01,59.35
Yozgat,2021-02,56.08
Yozgat,2021-03,55.74
Yozgat,2021-04,51.95
Yozgat,2021-05,50.38
Yozgat,2021-06,50.79
Yozgat,2021-07,48.79
Yozgat,2021-08,46.27
Yozgat,2021-09,51.22
Yozgat,2021-10,51.32
Yozgat,2021-11,54.08
Yozgat,2021-12,55.56
Yozgat,2022-01,55.95
Yozgat,2022-02,64.69
Yozgat,2022-04,52.56
Yozgat,2022-05,52.34
Yozgat,2022-06,50.77
Yozgat,2022-07,48.7
Yozgat,2022-08,49.65
Yozgat,2022-09,50.76
Yozgat,2022-10,50.29
Yozgat,2022-11,53.36
Yozgat,2022-12,55.95
Yozgat,2023-01,56.78
Yozgat,2023-02,59.2
Yozgat,2023-03,54.85
Yozgat,2023-04,56.52
Yozgat,2023-05,52.03
Yozgat,2023-06,51.93
Yozgat,2023-07,49.17
Yozgat,2023-08,45.81
Yozgat,2023-09,49.8
Yozgat,2023-10,51.26
Yozgat,2023-11,52.01
Yozgat,2023-12,55.23
Yozgat,2024-02,51.86
Yozgat,2024-03,55.37
Yozgat,2024-04,52.01
Yozgat,2024-05,59.65
Yozgat,2024-06,46.29
Yozgat,2024-07,49.92
Yozgat,2024-08,47.2
Yozgat,2024-09,50.98
Yozgat,2024-10,47.05
Yozgat,2024-11,52.07
Yozgat,2024-12,61.93
Yozgat,2025-01,57.89
Yozgat,2025-03,56.79
Yozgat,2025-04,50.1
Yozgat,2025-05,51.89
Zonguldak,2020-01,58.05
Zonguldak,2020-02,56.96
Zonguldak,2020-04,54.25
Zonguldak,2020-05,50.82
Zonguldak,2020-06,55.86
Zonguldak,2020-07,51.12
Zonguldak,2020-08,48.66
Zonguldak,2020-09,50.27
Zonguldak,2020-10,53.29
Zonguldak,2020-11,52.57
Zonguldak,2020-12,57.01
Zonguldak,2021-01,53.24
Zonguldak,2021-02,63.25
Zonguldak,2021-05,50.01
Zonguldak,2021-06,56.99
Zonguldak,2021-07,50.31
Zonguldak,2021-08,52.02
Zonguldak,2021-09,51.66
Zonguldak,2021-10,54.86
Zonguldak,2021-11,53.76
Zonguldak,2022-01,54.75
Zonguldak,2022-05,53.65
Zonguldak,2022-07,52.59
Zonguldak,2022-08,53.31
Zonguldak,2022-09,63.96
Zonguldak,2022-10,49.66
Zonguldak,2022-12,54.46
Zonguldak,2023-01,53.94
Zonguldak,2023-03,55.53
Zonguldak,2023-07,47.28
Zonguldak,2023-08,48.67
Zonguldak,2023-09,50.78
Zonguldak,2023-10,50.96
Zonguldak,2023-11,60.6
Zonguldak,2023-12,54.63
Zonguldak,2024-01,61.1
Zonguldak,2024-02,52.67
Zonguldak,2024-03,50.49
Zonguldak,2024-04,53.02
Zonguldak,2024-05,50.94
Zonguldak,2024-06,47.68
Zonguldak,2024-07,48.47
Zonguldak,2024-08,51.12
Zonguldak,2024-09,53.35
Zonguldak,2024-10,51.05
Zonguldak,2024-11,50.72
Zonguldak,2025-01,52.35
Zonguldak,2025-02,65.64
Zonguldak,2025-03,59.43
Zonguldak,2025-04,50.92
Zonguldak,2025-05,49.74
Çanakkale,2020-01,60.26
Çanakkale,2020-02,58.74
Çanakkale,2020-03,57.83
Çanakkale,2020-04,57.1
Çanakkale,2020-05,56.2
Çanakkale,2020-06,54.31
Çanakkale,2020-07,54.22
Çanakkale,2020-08,54.91
Çanakkale,2020-09,54.05
Çanakkale,2020-10,56.05
Çanakkale,2020-11,58.9
Çanakkale,2020-12,59.05
Çanakkale,2021-01,57.36
Çanakkale,2021-02,58.93
Çanakkale,2021-03,57.44
Çanakkale,2021-04,59.61
Çanakkale,2021-05,53.58
Çanakkale,2021-06,55.75
Çanakkale,2021-07,52.79
Çanakkale,2021-08,53.52
Çanakkale,2021-09,55.7
Çanakkale,2021-10,57.19
Çanakkale,2021-11,55.26
Çanakkale,2021-12,60.37
Çanakkale,2022-01,61.6
Çanakkale,2022-02,60.15
Çanakkale,2022-03,58.86
Çanakkale,2022-04,54.12
Çanakkale,2022-05,54.78
Çanakkale,2022-06,55.17
Çanakkale,2022-07,53.28
Çanakkale,2022-08,54.93
Çanakkale,2022-09,54.84
Çanakkale,2022-10,55.77
Çanakkale,2022-11,55.97
Çanakkale,2022-12,57.78
Çanakkale,2023-01,59.42
Çanakkale,2023-02,59.33
Çanakkale,2023-03,55.58
Çanakkale,2023-04,58.14
Çanakkale,2023-05,57.61
Çanakkale,2023-06,53.18
Çanakkale,2023-07,51.64
Çanakkale,2023-08,52.15
Çanakkale,2023-09,52.91
Çanakkale,2023-10,54.63
Çanakkale,2023-11,56.24
Çanakkale,2023-12,56.9
Çanakkale,2024-02,57.04
Çanakkale,2024-03,59.58
Çanakkale,2024-04,54.58
Çanakkale,2024-05,54.2
Çanakkale,2024-06,51.43
Çanakkale,2024-07,50.88
Çanakkale,2024-08,51.48
Çanakkale,2024-09,54.57
Çanakkale,2024-10,55.24
Çanakkale,2024-11,56.23
Çanakkale,2024-12,60.0
Çanakkale,2025-01,60.3
Çanakkale,2025-02,60.09
Çanakkale,2025-03,55.29
Çanakkale,2025-04,58.76
Çanakkale,2025-05,54.21
Çankırı,2020-01,60.66
Çankırı,2020-02,61.72
Çankırı,2020-04,52.13
Çankırı,2020-05,53.89
Çankırı,2020-06,50.96
Çankırı,2020-07,50.25
Çankırı,2020-08,47.89
Çankırı,2020-09,51.73
Çankırı,2020-10,53.19
Çankırı,2020-11,54.0
Çankırı,2020-12,60.29
Çankırı,2021-01,54.51
Çankırı,2021-03,56.31
Çankırı,2021-05,48.28
Çankırı,2021-07,48.05
Çankırı,2021-08,48.68
Çankırı,2021-09,52.22
Çankırı,2021-10,55.38
Çankırı,2021-11,55.21
Çankırı,2022-03,61.18
Çankırı,2022-04,56.2
Çankırı,2022-05,52.1
Çankırı,2022-06,52.76
Çankırı,2022-07,50.25
Çankırı,2022-08,48.44
Çankırı,2022-09,53.27
Çankırı,2022-10,52.45
Çankırı,2022-11,54.46
Çankırı,2023-01,56.88
Çankırı,2023-02,63.93
Çankırı,2023-03,52.05
Çankırı,2023-05,51.83
Çankırı,2023-07,46.46
Çankırı,2023-08,46.4
Çankırı,2023-09,46.84
Çankırı,2023-10,52.83
Çankırı,2023-12,60.49
Çankırı,2024-02,53.29
Çankırı,2024-03,60.68
Çankırı,2024-04,49.48
Çankırı,2024-05,51.84
Çankırı,2024-06,46.4
Çankırı,2024-07,57.51
Çankırı,2024-08,47.1
Çankırı,2024-09,53.93
Çankırı,2024-10,52.04
Çankırı,2024-11,53.38
Çankırı,2025-01,55.37
Çankırı,2025-02,61.02
Çankırı,2025-03,54.44
Çankırı,2025-04,49.74
Çankırı,2025-05,49.21
Çorum,2020-01,60.1
Çorum,2020-02,60.71
Çorum,2020-03,56.29
Çorum,2020-04,53.69
Çorum,2020-05,54.24
Çorum,2020-06,48.89
Çorum,2020-07,49.92
Çorum,2020-08,45.23
Çorum,2020-09,49.86
Çorum,2020-10,50.56
Çorum,2020-11,55.99
Çorum,2020-12,57.0
Çorum,2021-01,56.51
Çorum,2021-02,58.4
Çorum,2021-03,55.08
Çorum,2021-05,46.57
Çorum,2021-06,54.16
Çorum,2021-07,48.47
Çorum,2021-08,48.48
Çorum,2021-09,52.67
Çorum,2021-10,52.03
Çorum,2021-11,55.17
Çorum,2021-12,54.33
Çorum,2022-04,50.66
Çorum,2022-05,51.08
Çorum,2022-06,51.64
Çorum,2022-07,48.84
Çorum,2022-08,51.27
Çorum,2022-09,48.86
Çorum,2022-10,53.74
Çorum,2022-11,55.86
Çorum,2022-12,54.16
Çorum,2023-01,55.75
Çorum,2023-02,63.02
Çorum,2023-03,47.88
Çorum,2023-04,52.52
Çorum,2023-05,52.73
Çorum,2023-06,42.59
Çorum,2023-07,47.59
Çorum,2023-08,45.68
Çorum,2023-09,48.81
Çorum,2023-10,51.07
Çorum,2023-11,51.67
Çorum,2023-12,56.05
Çorum,2024-02,52.59
Çorum,2024-03,50.91
Çorum,2024-04,50.44
Çorum,2024-05,51.62
Çorum,2024-06,45.07
Çorum,2024-07,52.82
Çorum,2024-08,46.85
Çorum,2024-09,51.61
Çorum,2024-10,48.83
Çorum,2024-11,52.61
Çorum,2024-12,62.1
Çorum,2025-01,57.75
Çorum,2025-02,58.13
Çorum,2025-03,53.5
Çorum,2025-04,49.61
Çorum,2025-05,53.75
İstanbul,2020-01,58.56
İstanbul,2020-02,59.27
İstanbul,2020-03,61.12
İstanbul,2020-04,55.08
İstanbul,2020-05,54.99
İstanbul,2020-06,48.97
İstanbul,2020-07,55.97
İstanbul,2020-08,55.34
İstanbul,2020-09,51.84
İstanbul,2020-10,55.84
İstanbul,2020-11,55.9
İstanbul,2021-01,55.67
İstanbul,2021-02,56.95
İstanbul,2021-03,55.73
İstanbul,2021-04,53.6
İstanbul,2021-05,54.84
İstanbul,2021-06,48.0
İstanbul,2021-07,56.15
İstanbul,2021-08,55.67
İstanbul,2021-09,57.67
İstanbul,2021-11,57.8
İstanbul,2022-01,59.06
İstanbul,2022-02,55.98
İstanbul,2022-03,54.25
İstanbul,2022-04,55.0
İstanbul,2022-05,53.93
İstanbul,2022-06,56.08
İstanbul,2022-07,51.27
İstanbul,2022-08,49.29
İstanbul,2022-09,57.17
İstanbul,2022-10,53.88
İstanbul,2022-11,53.9
İstanbul,2023-01,59.42
İstanbul,2023-03,58.44
İstanbul,2023-06,51.93
İstanbul,2023-07,51.71
İstanbul,2023-08,46.76
İstanbul,2023-09,55.18
İstanbul,2023-11,53.94
İstanbul,2023-12,57.84
İstanbul,2024-01,56.23
İstanbul,2024-02,53.78
İstanbul,2024-03,55.85
İstanbul,2024-04,51.16
İstanbul,2024-05,56.11
İstanbul,2024-06,52.81
İstanbul,2024-07,55.86
İstanbul,2024-08,53.83
İstanbul,2024-09,54.39
İstanbul,2024-10,57.04
İstanbul,2024-11,58.98
İstanbul,2024-12,57.72
İstanbul,2025-01,56.62
İstanbul,2025-03,51.04
İstanbul,2025-04,56.15
İstanbul,2025-05,49.95
İzmir,2020-01,59.6
İzmir,2020-02,56.09
İzmir,2020-03,56.3
İzmir,2020-04,52.24
İzmir,2020-05,52.45
İzmir,2020-06,53.6
İzmir,2020-07,49.99
İzmir,2020-08,49.73
İzmir,2020-09,51.91
İzmir,2020-10,56.27
İzmir,2020-11,56.57
İzmir,2020-12,60.12
İzmir,2021-01,53.88
İzmir,2021-02,53.7
İzmir,2021-03,55.33
İzmir,2021-04,56.05
İzmir,2021-05,48.34
İzmir,2021-06,52.56
İzmir,2021-07,49.18
İzmir,2021-08,49.1
İzmir,2021-09,51.65
İzmir,2021-10,54.52
İzmir,2021-11,54.31
İzmir,2021-12,62.89
İzmir,2022-01,58.86
İzmir,2022-02,59.58
İzmir,2022-03,56.08
İzmir,2022-04,53.43
İzmir,2022-05,55.53
İzmir,2022-06,56.1
İzmir,2022-07,48.21
İzmir,2022-08,51.29
İzmir,2022-09,52.51
İzmir,2022-10,54.48
İzmir,2022-11,52.53
İzmir,2022-12,57.22
İzmir,2023-01,56.93
İzmir,2023-02,58.05
İzmir,2023-03,54.81
İzmir,2023-04,59.24
İzmir,2023-05,60.54
İzmir,2023-06,52.57
İzmir,2023-07,48.77
İzmir,2023-08,51.56
İzmir,2023-09,48.59
İzmir,2023-10,50.27
İzmir,2023-11,57.75
İzmir,2023-12,56.07
İzmir,2024-01,57.27
İzmir,2024-02,55.28
İzmir,2024-03,55.05
İzmir,2024-04,50.22
İzmir,2024-05,53.72
İzmir,2024-06,48.88
İzmir,2024-07,46.21
İzmir,2024-08,48.97
İzmir,2024-09,53.67
İzmir,2024-10,51.84
İzmir,2024-11,53.62
İzmir,2024-12,56.47
İzmir,2025-01,56.12
İzmir,2025-02,59.44
İzmir,2025-03,54.09
İzmir,2025-04,58.73
İzmir,2025-05,52.2
Şanlıurfa,2020-01,53.95
Şanlıurfa,2020-02,55.37
Şanlıurfa,2020-03,50.32
Şanlıurfa,2020-04,53.97
Şanlıurfa,2020-05,46.38
Şanlıurfa,2020-06,46.29
Şanlıurfa,2020-07,45.72
Şanlıurfa,2020-08,44.44
Şanlıurfa,2020-09,45.17
Şanlıurfa,2020-10,48.6
Şanlıurfa,2020-11,51.78
Şanlıurfa,2020-12,53.81
Şanlıurfa,2021-01,54.47
Şanlıurfa,2021-02,52.94
Şanlıurfa,2021-03,54.04
Şanlıurfa,2021-04,53.7
Şanlıurfa,2021-05,47.27
Şanlıurfa,2021-06,44.91
Şanlıurfa,2021-07,43.42
Şanlıurfa,2021-08,45.39
Şanlıurfa,2021-09,45.46
Şanlıurfa,2021-10,47.66
Şanlıurfa,2021-11,51.42
Şanlıurfa,2021-12,56.25
Şanlıurfa,2022-01,56.89
Şanlıurfa,2022-02,55.46
Şanlıurfa,2022-03,53.51
Şanlıurfa,2022-04,54.77
Şanlıurfa,2022-05,48.5
Şanlıurfa,2022-06,45.22
Şanlıurfa,2022-07,42.98
Şanlıurfa,2022-08,44.14
Şanlıurfa,2022-09,45.46
Şanlıurfa,2022-10,47.54
Şanlıurfa,2022-11,50.5
Şanlıurfa,2022-12,53.19
Şanlıurfa,2023-01,53.57
Şanlıurfa,2023-02,56.06
Şanlıurfa,2023-03,54.95
Şanlıurfa,2023-04,53.95
Şanlıurfa,2023-05,50.85
Şanlıurfa,2023-06,48.69
Şanlıurfa,2023-07,41.72
Şanlıurfa,2023-08,45.94
Şanlıurfa,2023-09,44.79
Şanlıurfa,2023-10,52.75
Şanlıurfa,2023-11,51.91
Şanlıurfa,2023-12,54.48
Şanlıurfa,2024-01,52.02
Şanlıurfa,2024-02,51.4
Şanlıurfa,2024-03,52.96
Şanlıurfa,2024-04,52.14
Şanlıurfa,2024-05,54.46
Şanlıurfa,2024-06,45.31
Şanlıurfa,2024-07,42.18
Şanlıurfa,2024-08,44.24
Şanlıurfa,2024-09,47.53
Şanlıurfa,2024-10,50.96
Şanlıurfa,2024-11,53.01
Şanlıurfa,2024-12,56.82
Şanlıurfa,2025-01,53.18
Şanlıurfa,2025-02,53.97
Şanlıurfa,2025-03,50.27
Şanlıurfa,2025-04,49.54
Şanlıurfa,2025-05,49.55
Şırnak,2020-01,62.21
Şırnak,2020-02,65.19
Şırnak,2020-03,62.27
Şırnak,2020-04,64.88
Şırnak,2020-05,54.98
Şırnak,2020-06,47.3
Şırnak,2020-07,46.83
Şırnak,2020-08,46.9
Şırnak,2020-09,47.9
Şırnak,2020-10,50.13
Şırnak,2020-11,55.81
Şırnak,2020-12,60.71
Şırnak,2021-01,62.36
Şırnak,2021-02,63.84
Şırnak,2021-04,53.99
Şırnak,2021-05,50.38
Şırnak,2021-06,44.86
Şırnak,2021-07,45.71
Şırnak,2021-08,48.43
Şırnak,2021-09,45.96
Şırnak,2021-10,50.48
Şırnak,2021-11,55.3
Şırnak,2022-01,64.11
Şırnak,2022-02,61.38
Şırnak,2022-03,63.65
Şırnak,2022-04,52.76
Şırnak,2022-05,47.89
Şırnak,2022-06,47.02
Şırnak,2022-07,44.35
Şırnak,2022-08,46.18
Şırnak,2022-09,44.87
Şırnak,2022-10,51.83
Şırnak,2022-11,56.56
Şırnak,2022-12,59.99
Şırnak,2023-01,58.09
Şırnak,2023-02,62.67
Şırnak,2023-05,57.59
Şırnak,2023-06,48.62
Şırnak,2023-07,45.3
Şırnak,2023-08,46.61
Şırnak,2023-09,48.5
Şırnak,2023-10,62.53
Şırnak,2023-11,50.2
Şırnak,2023-12,60.88
Şırnak,2024-02,60.34
Şırnak,2024-03,66.19
Şırnak,2024-04,59.65
Şırnak,2024-06,46.27
Şırnak,2024-07,47.13
Şırnak,2024-08,48.31
Şırnak,2024-09,46.03
Şırnak,2024-10,51.36
Şırnak,2024-11,57.36
Şırnak,2024-12,60.77
Şırnak,2025-01,59.47
Şırnak,2025-02,60.79
Şırnak,2025-03,61.66
Şırnak,2025-05,50.22
